inchikey,year,standard_type,pAct
AADDTKRBTBKAOH-UHFFFAOYSA-N,2009,IC50,7.292430
AAYLWJHTUQKURI-UHFFFAOYSA-N,2015,IC50,6.471083
ABRPDNMHYXMRIE-UHFFFAOYSA-N,2010,IC50,8.568636
ABRPDNMHYXMRIE-UHFFFAOYSA-N,2010,IC50,10.167491
ABVYZOVFOYTGAU-UHFFFAOYSA-N,2009,IC50,8.251812
ADDGEJWTQLPRHJ-UHFFFAOYSA-N,2011,IC50,6.496209
ADEUYAXXUHPWMD-UHFFFAOYSA-N,2014,IC50,6.482804
ADVAKZKECLPQAL-UHFFFAOYSA-N,2020,IC50,4.267606
ADVAKZKECLPQAL-UHFFFAOYSA-N,2020,IC50,4.677781
AEDMQUAPBVOJNN-UHFFFAOYSA-N,2010,IC50,9.000000
AEUQDGBKRPRYKM-UHFFFAOYSA-N,2014,IC50,7.022276
AFYBAPPGUZIPDM-UHFFFAOYSA-N,2021,IC50,6.657577
AHPITNKHMUCYLX-UHFFFAOYSA-N,2013,IC50,7.180456
AHTHTZSSWIYCMO-UHFFFAOYSA-N,2007,IC50,6.236572
AKBVREXEVPVWDD-UHFFFAOYSA-N,2014,IC50,7.920819
AKNZNOUVMDGJGW-UHFFFAOYSA-N,2010,IC50,7.259637
AKQPVKCVWMDGEW-UHFFFAOYSA-N,2015,IC50,7.853872
ALJLGQQGERMMMV-UHFFFAOYSA-N,2015,IC50,6.560667
ALJMSYJYNXRBSK-UHFFFAOYSA-N,2015,IC50,6.838632
ALNBEEWFQUYNMP-UHFFFAOYSA-N,2013,IC50,8.000000
ALWPCDCARJTZHG-UHFFFAOYSA-N,2015,IC50,7.886057
AMBCBOPNWFNGRX-UHFFFAOYSA-N,2007,IC50,6.107905
ANTRYADYILUHOS-UHFFFAOYSA-N,2010,IC50,9.522879
ANTRYADYILUHOS-UHFFFAOYSA-N,2010,IC50,9.154902
ARPJLXJZGILMIN-UHFFFAOYSA-N,2020,IC50,5.327902
ARPJLXJZGILMIN-UHFFFAOYSA-N,2020,IC50,4.826814
ASCUJQMVGSBUKG-UHFFFAOYSA-N,2021,IC50,5.489455
ATBDTEAYMAGOCW-UHFFFAOYSA-N,2014,IC50,6.659556
ATESJOJGSWWETO-UHFFFAOYSA-N,2009,IC50,8.537602
ATESJOJGSWWETO-UHFFFAOYSA-N,2009,IC50,6.935542
ATWRKBUXSXUGPN-UHFFFAOYSA-N,2021,IC50,5.118615
AUMGRXRGVZVLTD-UHFFFAOYSA-N,2021,IC50,5.617983
AUSRQKFDMUEKHR-UHFFFAOYSA-N,2009,IC50,6.602060
AWSWGFLZVRYNMI-UHFFFAOYSA-N,2013,IC50,6.903090
AXEZILFCYZVDTH-UHFFFAOYSA-N,2018,IC50,8.376751
AXIXUINDTJQLOD-UHFFFAOYSA-N,2007,IC50,7.000000
AXJYGGLVVOCLNI-UHFFFAOYSA-N,2013,IC50,6.180456
AXMOLBLFTAUXGI-UHFFFAOYSA-N,2015,IC50,7.920819
AXMOLBLFTAUXGI-UHFFFAOYSA-N,2015,IC50,8.522879
AYKPMCNREUVKNQ-UHFFFAOYSA-N,2017,IC50,6.886057
AZDQHTUSFFHYCU-UHFFFAOYSA-N,2007,IC50,6.853872
BAJHOLKNLOUWAK-UHFFFAOYSA-N,2018,IC50,8.173925
BATNUQRJIVXLQP-UHFFFAOYSA-N,2018,IC50,5.568636
BBZBQWFAPYWGBB-UHFFFAOYSA-N,2018,IC50,7.769551
BCMSTTNXNSZKPL-UHFFFAOYSA-N,2015,IC50,7.698970
BCMSTTNXNSZKPL-UHFFFAOYSA-N,2015,IC50,7.920819
BCQSGWNKFDAIOL-UHFFFAOYSA-N,2010,IC50,7.119186
BCUKQYKXRHIXRD-UHFFFAOYSA-N,2015,IC50,7.309804
BCURKFDHURYYGR-UHFFFAOYSA-N,2010,IC50,6.638272
BDBXGPJAVGFJSW-LWKPJOBUSA-N,2021,IC50,4.522879
BESDIJMOOGUNEC-UHFFFAOYSA-N,2020,IC50,6.259637
BESDIJMOOGUNEC-UHFFFAOYSA-N,2020,IC50,6.000000
BFQNFJQWWXUWGB-UHFFFAOYSA-N,2017,IC50,7.823909
BFXOZSLOOXDUPK-UHFFFAOYSA-N,2021,IC50,6.958607
BHOBUXPHKZSABC-FQEVSTJZSA-N,2020,IC50,7.154902
BHOBUXPHKZSABC-FQEVSTJZSA-N,2020,IC50,5.244125
BHOBUXPHKZSABC-HXUWFJFHSA-N,2020,IC50,6.744727
BHOBUXPHKZSABC-HXUWFJFHSA-N,2020,IC50,5.677781
BHOBUXPHKZSABC-HXUWFJFHSA-N,2020,IC50,7.568636
BHOBUXPHKZSABC-HXUWFJFHSA-N,2020,IC50,6.935542
BHOBUXPHKZSABC-HXUWFJFHSA-N,2020,IC50,7.070581
BHOBUXPHKZSABC-HXUWFJFHSA-N,2020,IC50,7.301030
BHOBUXPHKZSABC-HXUWFJFHSA-N,2020,IC50,7.958607
BHOBUXPHKZSABC-UHFFFAOYSA-N,2020,IC50,7.657577
BHOBUXPHKZSABC-UHFFFAOYSA-N,2020,IC50,7.267606
BHSMUQNJVDRFKR-UHFFFAOYSA-N,2020,IC50,6.795880
BHSMUQNJVDRFKR-UHFFFAOYSA-N,2020,IC50,5.552842
BHUCOKRFLNIIRI-UHFFFAOYSA-N,2014,IC50,6.863279
BHZGNSVFZHWODH-KRWDZBQOSA-N,2021,IC50,4.477556
BITOVZIDEAIQGL-UHFFFAOYSA-N,2010,IC50,7.130768
BJESSHFYGZODNG-UHFFFAOYSA-N,2017,IC50,7.698970
BKCQAKQXZWKPRF-UHFFFAOYSA-N,2015,IC50,6.571865
BKFXBZYLQGXCNC-UHFFFAOYSA-N,2014,IC50,5.595851
BLTLXYPXNRPQJN-UHFFFAOYSA-N,2009,IC50,8.000000
BMEXGPOTTUHAQD-UHFFFAOYSA-N,2017,IC50,8.187087
BMWFXJOQYUAESO-UHFFFAOYSA-N,2013,IC50,7.619789
BOINOOJVPIKLSZ-UHFFFAOYSA-N,2012,IC50,6.013676
BPZFOVKEALLNAO-UHFFFAOYSA-N,2015,IC50,7.508638
BQOYGEFWXGYNCU-UHFFFAOYSA-N,2021,IC50,5.508638
BQZCMVMHOYRQFV-UHFFFAOYSA-N,2015,IC50,7.180456
BSHDMLFQVXKHGJ-UHFFFAOYSA-N,2012,IC50,4.688246
BSKAWUIOJVBKRM-UHFFFAOYSA-N,2010,IC50,7.187087
BSKAWUIOJVBKRM-UHFFFAOYSA-N,2010,IC50,7.420216
BTFSQDGQHMPZAH-UHFFFAOYSA-N,2010,IC50,6.593460
BTTIPGMFWRCWMD-UHFFFAOYSA-N,2009,IC50,7.823909
BUEJIUWXQCAQJO-UHFFFAOYSA-N,2009,IC50,8.397940
BUEJIUWXQCAQJO-UHFFFAOYSA-N,2009,IC50,7.229148
BUNQINGTAZCYJO-UHFFFAOYSA-N,2015,IC50,7.408935
BWABONCEYZCPSJ-UHFFFAOYSA-N,2010,IC50,6.946922
BWXAKTZKPBHCRM-UHFFFAOYSA-N,2009,IC50,7.823909
BYTIXRGZCSORTK-UHFFFAOYSA-N,2007,IC50,6.468521
BZRRWJSGIPAOJN-UHFFFAOYSA-N,2015,IC50,7.283997
BZRRWJSGIPAOJN-UHFFFAOYSA-N,2015,IC50,7.017729
CACZFXNLHCSKAL-UHFFFAOYSA-N,2020,IC50,7.236572
CACZFXNLHCSKAL-UHFFFAOYSA-N,2020,IC50,4.657577
CBHSSHJIZBKJMQ-UHFFFAOYSA-N,2015,IC50,8.096910
CBKLMRDZFFLXSZ-UHFFFAOYSA-N,2021,IC50,5.583359
CDHKIZKYEMZUDX-KRWDZBQOSA-N,2021,IC50,4.439615
CEEQUJHKPMIHJH-UHFFFAOYSA-N,2007,IC50,7.420216
CEIMCKXVCRNXID-UHFFFAOYSA-N,2015,IC50,9.000000
CFQCWHCUFFJKDW-UHFFFAOYSA-N,2013,IC50,7.167491
CFWQXTVCNNNZGH-UHFFFAOYSA-N,2021,IC50,4.602060
CGFOWCYAAJSOPE-UHFFFAOYSA-N,2010,IC50,7.795880
CGFOWCYAAJSOPE-UHFFFAOYSA-N,2010,IC50,7.455932
CHEATIQXHDZDGV-UHFFFAOYSA-N,2015,IC50,6.903090
CIBPNAWYMVRORE-UHFFFAOYSA-N,2015,IC50,7.677781
CIMFCJFCERXAOY-UHFFFAOYSA-N,2018,IC50,8.259637
CIOGEGQPHGZHPB-UHFFFAOYSA-N,2015,IC50,7.698970
CJZNKOIMXMXMTI-UHFFFAOYSA-N,2011,IC50,6.790485
CKIBNNYWZAXTRH-UHFFFAOYSA-N,2013,IC50,7.387216
CKIBNNYWZAXTRH-UHFFFAOYSA-N,2017,IC50,6.124939
CMTUPTPLFHCJIN-UHFFFAOYSA-N,2021,IC50,4.522879
CMYITAKNBSCUGW-UHFFFAOYSA-N,2021,IC50,6.552842
CORXDZZRQNBTBN-UHFFFAOYSA-N,2018,IC50,6.585027
COTQFOUJZXUUCG-NRFANRHFSA-N,2010,IC50,7.602060
COTQFOUJZXUUCG-NRFANRHFSA-N,2010,IC50,7.148742
COTQFOUJZXUUCG-NRFANRHFSA-N,2013,IC50,7.823909
COTQFOUJZXUUCG-OAQYLSRUSA-N,2010,IC50,7.091515
COTQFOUJZXUUCG-OAQYLSRUSA-N,2010,IC50,7.045757
COTQFOUJZXUUCG-OAQYLSRUSA-N,2013,IC50,7.221849
CRHNKCHJUAWGHN-JXMROGBWSA-N,2009,IC50,8.522879
CROPIEGDJHLTST-UHFFFAOYSA-N,2015,IC50,6.142668
CTBMGYGHXFJGEB-UHFFFAOYSA-N,2014,IC50,5.588717
CTCYFGZXOIZJMH-UHFFFAOYSA-N,2015,IC50,7.795880
CTCYFGZXOIZJMH-UHFFFAOYSA-N,2015,IC50,7.853872
CTONVBDPRFRMPC-UHFFFAOYSA-N,2021,IC50,6.634512
CTVCKLXTDJUUGD-UHFFFAOYSA-N,2015,IC50,7.207608
CTZLXTQEVUMJMU-UHFFFAOYSA-N,2010,IC50,6.136083
CUZUNVLTQYLNFQ-UHFFFAOYSA-N,2009,IC50,7.017729
CVOOKMZXIFWORK-UHFFFAOYSA-N,2015,IC50,6.761954
CVZDYMNIISAMCT-UHFFFAOYSA-N,2010,IC50,7.795880
CVZDYMNIISAMCT-UHFFFAOYSA-N,2010,IC50,9.318759
CYBBWKSWIOYLKW-UHFFFAOYSA-N,2020,IC50,7.657577
CYBBWKSWIOYLKW-UHFFFAOYSA-N,2020,IC50,5.698970
CYOSOQNLLDMDAG-UHFFFAOYSA-N,2011,IC50,7.000000
CYTAKBDZAJHZGV-UHFFFAOYSA-N,2015,IC50,6.187087
CZHPZSKUFCDFCU-UHFFFAOYSA-N,2015,IC50,7.000000
DALUCQVQSXDILM-UHFFFAOYSA-N,2021,IC50,6.823909
DAVFKHKXIXGDTA-UHFFFAOYSA-N,2009,IC50,8.397940
DBALZNPBWHMHOG-UHFFFAOYSA-N,2010,IC50,7.481486
DCEDEPBBCBNGEX-INIZCTEOSA-N,2021,IC50,4.429924
DCYUBWJTTVATCA-UHFFFAOYSA-N,2015,IC50,8.096910
DDSXQYZPRHWCRJ-UHFFFAOYSA-N,2009,IC50,7.397940
DDXUZSUWYQGZES-UHFFFAOYSA-N,2009,IC50,9.522879
DDXUZSUWYQGZES-UHFFFAOYSA-N,2009,IC50,9.698970
DDXUZSUWYQGZES-UHFFFAOYSA-N,2009,IC50,7.585027
DELDTQNVQWISSR-UHFFFAOYSA-N,2018,IC50,8.091515
DFAAZTGEFUDAJO-UHFFFAOYSA-N,2014,IC50,7.292430
DFAAZTGEFUDAJO-UHFFFAOYSA-N,2015,IC50,8.045757
DHCNUSNZEUSTQC-UHFFFAOYSA-N,2018,IC50,7.337242
DHDJNNHNXWAWLB-RDJZCZTQSA-N,2021,IC50,4.522589
DHPPBCAZAYICNH-UHFFFAOYSA-N,2018,IC50,8.193820
DIIHHZJGTKSBTH-UHFFFAOYSA-N,2014,IC50,6.106238
DIPVPFWFBPWNMR-UHFFFAOYSA-N,2014,IC50,7.585027
DJZYVEWBADVRAW-UHFFFAOYSA-N,2007,IC50,6.958607
DKACSJZPBDPRDC-UHFFFAOYSA-N,2013,IC50,6.906578
DKGNKHDWCRDQSE-UHFFFAOYSA-N,2021,IC50,4.492414
DKUXIOHAIPEDEC-UHFFFAOYSA-N,2021,IC50,6.062482
DLPFHBFBUBWLBM-UHFFFAOYSA-N,2010,IC50,6.728158
DLPFHBFBUBWLBM-UHFFFAOYSA-N,2010,IC50,6.841638
DMXFJXOYVJXHHZ-UHFFFAOYSA-N,2010,IC50,7.187087
DNARJMCQHANYMK-UHFFFAOYSA-N,2021,IC50,6.920819
DNCKPUTVTXBQDJ-UHFFFAOYSA-N,2015,IC50,9.000000
DPGSBSKZDLWRDN-UHFFFAOYSA-N,2014,IC50,8.221849
DPSNXTLWYRQDPJ-UHFFFAOYSA-N,2021,IC50,5.050610
DPUBIAZLOIDPEP-UHFFFAOYSA-N,2010,IC50,7.619789
DQJQOFFCCSGWRM-UHFFFAOYSA-N,2014,IC50,7.200659
DSIPXIRVDZIXGR-UHFFFAOYSA-N,2015,IC50,6.954677
DURSMDCRSLJCTD-UHFFFAOYSA-N,2007,IC50,6.366532
DUSOQMDRYWOWPW-UHFFFAOYSA-N,2010,IC50,7.769551
DUSOQMDRYWOWPW-UHFFFAOYSA-N,2010,IC50,6.804100
DWEAHHDJPAAPFY-UHFFFAOYSA-N,2014,IC50,6.617983
DWEAHHDJPAAPFY-UHFFFAOYSA-N,2015,IC50,6.374688
DWXRGOPEKBFEDL-UHFFFAOYSA-N,2020,IC50,6.214670
DWXRGOPEKBFEDL-UHFFFAOYSA-N,2020,IC50,5.161151
DXJDBXBFXWUNBP-UHFFFAOYSA-N,2010,IC50,7.356547
DXJDBXBFXWUNBP-UHFFFAOYSA-N,2010,IC50,7.602060
DXKNEJDCEJAZNA-UHFFFAOYSA-N,2007,IC50,7.455932
DYEGEEMFKJLIAG-UHFFFAOYSA-N,2009,IC50,7.086186
DYEGEEMFKJLIAG-UHFFFAOYSA-N,2009,IC50,6.194499
DZBMZRDZHLMPON-UHFFFAOYSA-N,2015,IC50,7.022276
DZHVRSUZJWSLFJ-UHFFFAOYSA-N,2020,IC50,5.107905
DZHVRSUZJWSLFJ-UHFFFAOYSA-N,2020,IC50,4.795880
DZQSFRXJJGQWBU-UHFFFAOYSA-N,2014,IC50,6.718967
DZTRHLLXMPGXQW-UHFFFAOYSA-N,2018,IC50,8.494850
FAIXKYSRYKWWGK-UHFFFAOYSA-N,2015,IC50,6.987163
FBMGHVBJNLZMPL-UHFFFAOYSA-N,2021,IC50,5.377786
FCAOGGRCLJBQPX-UHFFFAOYSA-N,2021,IC50,4.645315
FCERPQDQSVNERQ-UHFFFAOYSA-N,2015,IC50,6.149967
FCKLYWUQEVLIRI-UHFFFAOYSA-N,2010,IC50,7.721246
FCNRROILAPCDRL-UHFFFAOYSA-N,2014,IC50,6.170696
FESSLFCHRGAANQ-UHFFFAOYSA-N,2020,IC50,5.958607
FFLACNAXGFCCBT-UHFFFAOYSA-N,2010,IC50,6.636388
FIZCCWBKEBQQRZ-UHFFFAOYSA-N,2021,IC50,4.410050
FLTDSTBWKYBFSI-UHFFFAOYSA-N,2020,IC50,5.236572
FLTDSTBWKYBFSI-UHFFFAOYSA-N,2020,IC50,5.301030
FLXHAQHFIIRCBF-UHFFFAOYSA-N,2017,IC50,7.096910
FMHBOXDGWUJYGP-UHFFFAOYSA-N,2010,IC50,5.633390
FMHWXCNTRYPHIZ-UHFFFAOYSA-N,2009,IC50,8.017729
FMUOWTCJDBKUJN-UHFFFAOYSA-N,2015,IC50,7.769551
FNDFGNMCQOJEDG-UHFFFAOYSA-N,2020,IC50,6.508638
FNDFGNMCQOJEDG-UHFFFAOYSA-N,2020,IC50,4.677781
FNFMYRSHPYAHHV-UHFFFAOYSA-N,2014,IC50,6.869666
FNIPHGHBWQSBBH-UHFFFAOYSA-N,2015,IC50,7.886057
FNRATZPGWXUVAU-UHFFFAOYSA-N,2014,IC50,5.000739
FOCNQDSZOCWDPV-UHFFFAOYSA-N,2010,IC50,5.185553
FPOAPVSGDGLPOJ-UHFFFAOYSA-N,2007,IC50,5.200659
FPQQMWRUQKWZCF-UHFFFAOYSA-N,2009,IC50,8.065502
FPQQMWRUQKWZCF-UHFFFAOYSA-N,2009,IC50,8.065502
FQIFULLUVUVEGR-UHFFFAOYSA-N,2010,IC50,7.698970
FQXAGAGVHFSQNC-UHFFFAOYSA-N,2018,IC50,5.443697
FTECHNJBVQKRNG-UHFFFAOYSA-N,2009,IC50,8.481486
FTECHNJBVQKRNG-UHFFFAOYSA-N,2009,IC50,7.481486
FTGUCSKPHPVCMJ-UHFFFAOYSA-N,2020,IC50,6.920819
FTKQRUKADZDJIM-UHFFFAOYSA-N,2020,IC50,5.585027
FTKQRUKADZDJIM-UHFFFAOYSA-N,2020,IC50,4.508638
FTWMLRVXSUEQRW-UHFFFAOYSA-N,2021,IC50,4.594142
FUIDQGZBUBUWMJ-UHFFFAOYSA-N,2021,IC50,5.206210
FVCCCLJIEZKIRH-INIZCTEOSA-N,2021,IC50,4.434743
FWGJWARIAZXNSS-UHFFFAOYSA-N,2015,IC50,7.677781
FYZPOAFODMHPSO-UHFFFAOYSA-N,2015,IC50,7.167491
FYZZFGYHRGTQFW-UHFFFAOYSA-N,2014,IC50,7.259637
FZWTUTSNVNMLPN-UHFFFAOYSA-N,2014,IC50,7.468521
GBPADPRXTZXBBD-UHFFFAOYSA-N,2018,IC50,8.200659
GEQZFSCFWGCHOX-UHFFFAOYSA-N,2009,IC50,4.886057
GETHIQUDYMXOSR-UHFFFAOYSA-N,2018,IC50,8.050610
GFXZMOOBBBEVIL-UHFFFAOYSA-N,2011,IC50,5.082810
GGSJJARIPTYWGC-UHFFFAOYSA-N,2015,IC50,8.221849
GKHYXEGARSHUEV-UHFFFAOYSA-N,2021,IC50,6.327902
GKRDSGDSMIVUKZ-UHFFFAOYSA-N,2013,IC50,5.231362
GKXXTSAQLLFRMV-UHFFFAOYSA-N,2015,IC50,7.000000
GMSIJCYNWRTVKP-UHFFFAOYSA-N,2007,IC50,7.004365
GNHDSIPBZINXQG-UHFFFAOYSA-N,2009,IC50,5.665144
GNPRRBLFZQIRCI-UHFFFAOYSA-N,2010,IC50,7.657577
GNPRRBLFZQIRCI-UHFFFAOYSA-N,2010,IC50,7.221849
GODHGFJPVLWMCD-UHFFFAOYSA-N,2014,IC50,7.387216
GOKOILBJPWVKQU-UHFFFAOYSA-N,2020,IC50,6.853872
GOKOILBJPWVKQU-UHFFFAOYSA-N,2020,IC50,4.657577
GOWJXFXDCTYGBW-UHFFFAOYSA-N,2009,IC50,6.038579
GPIUKGPEECRBNX-UHFFFAOYSA-N,2014,IC50,7.638272
GPIUKGPEECRBNX-UHFFFAOYSA-N,2015,IC50,7.958607
GQRXCEDYPSPQRL-UHFFFAOYSA-N,2021,IC50,7.958607
GQVLIBJWHNDFPR-UHFFFAOYSA-N,2018,IC50,7.508638
GSPSPIYEHKAXTG-UHFFFAOYSA-N,2014,IC50,7.301030
GTAOGLKFEWOPTJ-UHFFFAOYSA-N,2010,IC50,8.000000
GTAOGLKFEWOPTJ-UHFFFAOYSA-N,2010,IC50,6.987163
GTCBBBBOAIYQKN-UHFFFAOYSA-N,2018,IC50,8.259637
GTXTVLCIXHWSIV-UHFFFAOYSA-N,2010,IC50,8.221849
GTXTVLCIXHWSIV-UHFFFAOYSA-N,2010,IC50,7.958607
GVCWPHPGQSAJDN-UHFFFAOYSA-N,2015,IC50,7.283997
GYHHTVXLJHSGFJ-UHFFFAOYSA-N,2007,IC50,6.958607
HAGVWKAVARLRET-IBGZPJMESA-N,2021,IC50,4.507938
HANVIVWUPUOVJA-UHFFFAOYSA-N,2021,IC50,6.468521
HBMLQKCIZBUCIU-UHFFFAOYSA-N,2015,IC50,6.168770
HCRJDLMZNQTQKC-UHFFFAOYSA-N,2017,IC50,8.022276
HDBOHAFZZFIARA-UHFFFAOYSA-N,2009,IC50,6.053548
HDMMPHYKRJFCHA-UHFFFAOYSA-N,2009,IC50,5.397940
HEVPXHKRZONDAX-UHFFFAOYSA-N,2015,IC50,7.698970
HEZALYJTWXTLDU-QWRGUYRKSA-N,2012,IC50,5.039054
HFQAKFBCTZKMKE-UHFFFAOYSA-N,2011,IC50,7.795880
HFTPWWWEDCJNRU-UHFFFAOYSA-N,2009,IC50,6.102373
HFVOEUOCDIYZFY-UHFFFAOYSA-N,2014,IC50,7.920819
HGUILYYDVRAKMY-UHFFFAOYSA-N,2021,IC50,7.180456
HGWXLMRDZPZHIF-UHFFFAOYSA-N,2014,IC50,6.917215
HHNRSGMHLOUJIQ-UHFFFAOYSA-N,2015,IC50,6.259637
HISJLSXOXJASNK-UHFFFAOYSA-N,2009,IC50,8.508638
HKYOVUOYHSMXQS-UHFFFAOYSA-N,2014,IC50,8.096910
HKYOVUOYHSMXQS-UHFFFAOYSA-N,2015,IC50,8.154902
HLLQDKNSAVHCAE-UHFFFAOYSA-N,2014,IC50,6.627088
HLMDZKBPECJZAW-UHFFFAOYSA-N,2007,IC50,6.259637
HLOGNBULKQGFPD-UHFFFAOYSA-N,2015,IC50,6.259637
HLTZCMCWHWUHJJ-UHFFFAOYSA-N,2013,IC50,5.630784
HNEOHYVDWRBYCX-UHFFFAOYSA-N,2009,IC50,7.036212
HOLNDMDFKLWNIW-UHFFFAOYSA-N,2010,IC50,8.397940
HOLNDMDFKLWNIW-UHFFFAOYSA-N,2010,IC50,8.045757
HOQQCLUGZIOACX-UHFFFAOYSA-N,2010,IC50,8.221849
HOQQCLUGZIOACX-UHFFFAOYSA-N,2010,IC50,8.154902
HQNCOEJAAYGEKK-UHFFFAOYSA-N,2009,IC50,7.494850
HQZYPXRPDCWUAU-UHFFFAOYSA-N,2011,IC50,4.973099
HRAQDVZJYIAWOV-UHFFFAOYSA-N,2009,IC50,8.214670
HRSBVCJITWRGQF-UHFFFAOYSA-N,2014,IC50,6.339135
HRSJBLDLFPWRTI-UHFFFAOYSA-N,2011,IC50,6.259637
HSHWZKWKCGIOIO-UHFFFAOYSA-N,2014,IC50,7.267606
HSHWZKWKCGIOIO-UHFFFAOYSA-N,2015,IC50,6.109579
HSHWZKWKCGIOIO-UHFFFAOYSA-N,2015,IC50,7.045757
HSHWZKWKCGIOIO-UHFFFAOYSA-N,2015,IC50,7.508638
HSJCJAUHHNFFMJ-UHFFFAOYSA-N,2015,IC50,6.259637
HSLMFPUWULEOJG-UHFFFAOYSA-N,2021,IC50,4.958607
HSUPQAOIIAJFBL-UHFFFAOYSA-N,2018,IC50,8.036212
HSVQVZRHBHJQAH-UHFFFAOYSA-N,2021,IC50,5.274088
HUYPGJIKHOQUMM-UHFFFAOYSA-N,2009,IC50,8.187087
HWGZLYILQHNFNE-UHFFFAOYSA-N,2021,IC50,4.436163
HXSWXRXBLJSSDO-UHFFFAOYSA-N,2014,IC50,7.275724
HYWPCURCNVJWBD-UHFFFAOYSA-N,2009,IC50,10.397940
HZBKWRLKOSIYKI-UHFFFAOYSA-N,2010,IC50,5.372020
HZEFCPMPXSPQIF-UHFFFAOYSA-N,2020,IC50,6.154902
HZJOQDIJBARWDQ-UHFFFAOYSA-N,2009,IC50,5.853252
ICWVDOKYVQZMSY-UHFFFAOYSA-N,2018,IC50,8.387216
IDPZZOYWDBJFMQ-UHFFFAOYSA-N,2010,IC50,6.534617
IDPZZOYWDBJFMQ-UHFFFAOYSA-N,2010,IC50,6.966576
IDYGCGYCHOUWQB-UHFFFAOYSA-N,2009,IC50,6.958607
IDYGCGYCHOUWQB-UHFFFAOYSA-N,2009,IC50,6.958607
IDYLWVPCBZDRCM-UHFFFAOYSA-N,2021,IC50,4.824488
IEQKUTWVYAHKLS-UHFFFAOYSA-N,2021,IC50,5.397940
IEQOHAXMMMRHNL-UHFFFAOYSA-N,2018,IC50,6.244125
IIBGJRZFQSFBFQ-UHFFFAOYSA-N,2014,IC50,6.280669
IJDYQKWQIBEHBO-UHFFFAOYSA-N,2013,IC50,7.638272
IJGWCBRJPINXQV-UHFFFAOYSA-N,2014,IC50,6.661544
IKHWXCNTLZSWJF-UHFFFAOYSA-N,2017,IC50,6.958607
ILAGHTMWCATYQN-UHFFFAOYSA-N,2021,IC50,6.638272
ILTYXJRTRCXGMV-UHFFFAOYSA-N,2014,IC50,7.958607
ILZYZWRBEDSLMR-UHFFFAOYSA-N,2021,IC50,5.591760
IPTFUXGYSQXHTE-UHFFFAOYSA-N,2021,IC50,4.593801
IPTWJKSNCXVPQK-UHFFFAOYSA-N,2014,IC50,8.045757
IQGJUDFNHPTCGC-UHFFFAOYSA-N,2015,IC50,7.337242
IQHQDZNRKGZLGK-UHFFFAOYSA-N,2015,IC50,9.000000
IQQQMAUGJKASHW-UHFFFAOYSA-N,2014,IC50,7.004365
IQRZOMPLJJMCHC-UHFFFAOYSA-N,2015,IC50,8.045757
IQUTVVVWNVSYSB-UHFFFAOYSA-N,2015,IC50,6.698970
ITRSXXVLXWPSCR-UHFFFAOYSA-N,2009,IC50,6.886057
IUUAFBWSTYBDOA-UHFFFAOYSA-N,2018,IC50,8.292430
IWDXBYQCZXUCBW-UHFFFAOYSA-N,2007,IC50,6.408935
IXAHGCSQQMXJED-UHFFFAOYSA-N,2009,IC50,8.698970
IXAHGCSQQMXJED-UHFFFAOYSA-N,2009,IC50,7.769551
IXCKPZGMHUZWAH-UHFFFAOYSA-N,2009,IC50,7.443697
IXQGZVLKXDUJBZ-UHFFFAOYSA-N,2021,IC50,4.522879
IYPOBXAUBPUBLO-UHFFFAOYSA-N,2021,IC50,7.698970
IZHLUPKVNPPMFR-UHFFFAOYSA-N,2015,IC50,6.899629
IZZUKFBZHJDGAH-UHFFFAOYSA-N,2007,IC50,7.000000
JAHPSHXIFCRWAV-UHFFFAOYSA-N,2018,IC50,7.022276
JBMJKLDKGMSAEW-UHFFFAOYSA-N,2010,IC50,6.806875
JCKWAMLBAVAUAV-UHFFFAOYSA-N,2015,IC50,6.522879
JCRSYWXQXKKIAW-UHFFFAOYSA-N,2014,IC50,8.096910
JDOZSBUCEZXJHN-UHFFFAOYSA-N,2015,IC50,7.000000
JDXPCOUDPIDYBT-UHFFFAOYSA-N,2015,IC50,6.669586
JFEHBZBLMMENQT-UHFFFAOYSA-N,2015,IC50,7.958607
JFEHBZBLMMENQT-UHFFFAOYSA-N,2015,IC50,8.397940
JGFCNTHQBVGYLN-UHFFFAOYSA-N,2021,IC50,5.335358
JGHSBWAMLKSGST-UHFFFAOYSA-N,2014,IC50,8.698970
JGJAWQWWGRTAPM-UHFFFAOYSA-N,2013,IC50,6.504456
JGRMUIIVSDKLCZ-UHFFFAOYSA-N,2009,IC50,5.914353
JHJVFLOLUAWEGE-UHFFFAOYSA-N,2021,IC50,5.485452
JNZILDSEJPWAQB-UHFFFAOYSA-N,2021,IC50,8.000000
JOLGFTHCESKVEO-UHFFFAOYSA-N,2021,IC50,5.958607
JPVHQZNWQHSUQE-UHFFFAOYSA-N,2007,IC50,6.920819
JQKIHZZRPQRCIL-UHFFFAOYSA-N,2015,IC50,6.853872
JROGONHUURMXMQ-UHFFFAOYSA-N,2010,IC50,7.214670
JRWYOUUHSXSYPM-UHFFFAOYSA-N,2010,IC50,9.000000
JRWYOUUHSXSYPM-UHFFFAOYSA-N,2010,IC50,8.221849
JSKCBBJNQMKSTI-UHFFFAOYSA-N,2013,IC50,5.648011
JSOGDVANKKEGRE-UHFFFAOYSA-N,2009,IC50,5.777284
JSUIRJLRUPZRJL-UHFFFAOYSA-N,2014,IC50,6.408935
JTDXQKMBQXDPBT-KRWDZBQOSA-N,2021,IC50,4.474437
JTRJQCPMULXBIC-UHFFFAOYSA-N,2015,IC50,7.602060
JTRJQCPMULXBIC-UHFFFAOYSA-N,2015,IC50,7.721246
JVQBWEUUWDOXLT-UHFFFAOYSA-N,2015,IC50,7.795880
JWEGRDDRLYSKDL-UHFFFAOYSA-N,2017,IC50,7.420216
JWUPYMWDGFQZOR-UHFFFAOYSA-N,2021,IC50,5.291069
JXLLJAMIOWAHKZ-UHFFFAOYSA-N,2021,IC50,7.075721
JXSVFZOGHIRBMH-UHFFFAOYSA-N,2015,IC50,7.000000
JXZCSTOZZDRLND-UHFFFAOYSA-N,2015,IC50,7.259637
KDRGWBDOBCLUSE-UHFFFAOYSA-N,2009,IC50,10.301030
KDRGWBDOBCLUSE-UHFFFAOYSA-N,2009,IC50,10.301030
KDRGWBDOBCLUSE-UHFFFAOYSA-N,2022,IC50,10.301030
KEPSLZQTCUYSFZ-UHFFFAOYSA-N,2011,IC50,5.172954
KFLRCBGJPSBTOG-UHFFFAOYSA-N,2011,IC50,5.200108
KFNLQPPLNYTFSC-UHFFFAOYSA-N,2014,IC50,5.821023
KGEGBYYBJVGGQI-UHFFFAOYSA-N,2021,IC50,6.132533
KGOWKWHCNZUWNN-UHFFFAOYSA-N,2013,IC50,6.747147
KHIDEYHOVWAHBR-UHFFFAOYSA-N,2014,IC50,7.522879
KHZYPVIQTUBFJE-UHFFFAOYSA-N,2013,IC50,5.958607
KJEZWGPCFJGYEN-UHFFFAOYSA-N,2021,IC50,6.725842
KJMXCRFBUNSWBZ-UHFFFAOYSA-N,2013,IC50,7.207608
KJTLQXZRANMVLM-UHFFFAOYSA-N,2009,IC50,7.327902
KKLDFKDCGQCPEZ-UHFFFAOYSA-N,2020,IC50,7.376751
KKLDFKDCGQCPEZ-UHFFFAOYSA-N,2020,IC50,5.744727
KLESCIILKXWVSI-UHFFFAOYSA-N,2018,IC50,8.522879
KMHPBJQCKOVVBL-UHFFFAOYSA-N,2014,IC50,7.920819
KMHPBJQCKOVVBL-UHFFFAOYSA-N,2015,IC50,7.657577
KMHPBJQCKOVVBL-UHFFFAOYSA-N,2015,IC50,7.958607
KMIORFFZVMVTNL-UHFFFAOYSA-N,2018,IC50,8.060481
KMKZRFJJTSKQSJ-UHFFFAOYSA-N,2018,IC50,7.853872
KMQBABMBEFDUTM-UHFFFAOYSA-N,2014,IC50,5.771600
KNLKEBVKBQYBLI-UHFFFAOYSA-N,2021,IC50,4.517412
KNOWTUGIWCELJY-UHFFFAOYSA-N,2012,IC50,4.293282
KNSIPACIJBKWPJ-UHFFFAOYSA-N,2013,IC50,6.357535
KNULJCSPCKMYTN-UHFFFAOYSA-N,2014,IC50,7.823909
KNULJCSPCKMYTN-UHFFFAOYSA-N,2015,IC50,7.443697
KNULJCSPCKMYTN-UHFFFAOYSA-N,2015,IC50,7.408935
KOAUQKJNSJNVIB-UHFFFAOYSA-N,2009,IC50,7.167491
KOIZRQXNKHUNGR-UHFFFAOYSA-N,2009,IC50,7.920819
KTJVFGFFGBYFSS-UHFFFAOYSA-N,2020,IC50,7.886057
KTJVFGFFGBYFSS-UHFFFAOYSA-N,2020,IC50,7.045757
KTXDDPZEJKRBQG-UHFFFAOYSA-N,2015,IC50,6.498941
KVIOEAUYNRBING-UHFFFAOYSA-N,2021,IC50,5.221849
KZFYPQVFULYDPI-UHFFFAOYSA-N,2021,IC50,5.690370
LAWDPDZBMWSSLX-UHFFFAOYSA-N,2013,IC50,7.000000
LAYNIDVNMKRZNL-UHFFFAOYSA-N,2020,IC50,6.045757
LAYNIDVNMKRZNL-UHFFFAOYSA-N,2020,IC50,4.602060
LDBGXPILVWESEX-UHFFFAOYSA-N,2011,IC50,5.350081
LDXYQWNHOVBYJK-UHFFFAOYSA-N,2009,IC50,6.657577
LEAVZPPMJMEDAV-UHFFFAOYSA-N,2014,IC50,7.552842
LELDXIXNROTYAC-UHFFFAOYSA-N,2010,IC50,5.754487
LFBACDLGCJVAMX-UHFFFAOYSA-N,2011,IC50,6.119186
LFQBDZIKMOOKIP-UHFFFAOYSA-N,2010,IC50,10.221849
LFQBDZIKMOOKIP-UHFFFAOYSA-N,2010,IC50,9.096910
LFQBDZIKMOOKIP-UHFFFAOYSA-N,2010,IC50,10.522879
LFQBDZIKMOOKIP-UHFFFAOYSA-N,2010,IC50,10.522879
LFQBDZIKMOOKIP-UHFFFAOYSA-N,2010,IC50,9.096910
LHQOEJHESJBERR-UHFFFAOYSA-N,2014,IC50,5.715569
LINFHMWTGYJLOX-UHFFFAOYSA-N,2009,IC50,6.838632
LIXWEHRBNXAJQM-UHFFFAOYSA-N,2021,IC50,6.008774
LJQRHSWVZIQKSQ-UHFFFAOYSA-N,2011,IC50,4.423095
LJVIDRQEMOHZLB-UHFFFAOYSA-N,2020,IC50,5.920819
LJVIDRQEMOHZLB-UHFFFAOYSA-N,2020,IC50,4.602060
LKHLISSSJLKIRH-UHFFFAOYSA-N,2009,IC50,6.387216
LMDQANTXMJXMOC-UHFFFAOYSA-N,2017,IC50,8.602060
LMLXNRYGWLSELC-UHFFFAOYSA-N,2013,IC50,6.716699
LNGYRMQFDYVKMZ-UHFFFAOYSA-N,2010,IC50,9.000000
LNGYRMQFDYVKMZ-UHFFFAOYSA-N,2010,IC50,8.698970
LPAJOYDKNFPBIJ-UHFFFAOYSA-N,2015,IC50,8.096910
LPHSYLVECBOQQS-UHFFFAOYSA-N,2009,IC50,7.958607
LPHSYLVECBOQQS-UHFFFAOYSA-N,2009,IC50,7.468521
LPRGOUWFYMYHEJ-UHFFFAOYSA-N,2009,IC50,9.000000
LPRGOUWFYMYHEJ-UHFFFAOYSA-N,2009,IC50,7.886057
LPZMPSNKVIBUEE-UHFFFAOYSA-N,2021,IC50,6.882729
LQMNKCOKBBJKEL-UHFFFAOYSA-N,2007,IC50,6.327902
LRIPHCYVFCUMPP-UHFFFAOYSA-N,2021,IC50,8.000000
LRLDORUZRMPXFL-UHFFFAOYSA-N,2009,IC50,7.494850
LROMIOQSACMRDM-UHFFFAOYSA-N,2007,IC50,7.026872
LTYKVUFYQBRYHV-UHFFFAOYSA-N,2015,IC50,6.412289
LUBIGWIZKPNYAR-UHFFFAOYSA-N,2012,IC50,5.610834
LUNTUWSUYAYIBG-UHFFFAOYSA-N,2017,IC50,4.704653
LVGQXLOFHAVOAQ-UHFFFAOYSA-N,2009,IC50,6.903090
LVGQXLOFHAVOAQ-UHFFFAOYSA-N,2009,IC50,6.367543
LWUCRQYELCMTGR-UHFFFAOYSA-N,2011,IC50,6.892790
LXXGACVLXZHDDN-UHFFFAOYSA-N,2007,IC50,7.292430
MAALNCIWVRSQCA-UHFFFAOYSA-N,2015,IC50,6.027334
MAFNFIKYPHIRFH-UHFFFAOYSA-N,2009,IC50,7.795880
MBFRJCJPZMFFMU-UHFFFAOYSA-N,2011,IC50,6.663540
MBZKEYVPSVQGTM-UHFFFAOYSA-N,2015,IC50,6.643974
MCVWJULZOZZYRL-UHFFFAOYSA-N,2020,IC50,8.096910
MCVWJULZOZZYRL-UHFFFAOYSA-N,2020,IC50,5.494850
MEHWMDCKJBRCPC-UHFFFAOYSA-N,2007,IC50,7.522879
MELJVOAVLZLNLL-UHFFFAOYSA-N,2015,IC50,6.259637
MEXVTOYJNHFFDY-UHFFFAOYSA-N,2014,IC50,8.221849
MFRXAAVYDAGVMJ-UHFFFAOYSA-N,2015,IC50,7.677781
MGDLSFHPYZPDSM-UHFFFAOYSA-N,2007,IC50,5.136677
MHSUYDAYWNADJP-UHFFFAOYSA-N,2021,IC50,7.522879
MHUAIUOPEPBTBA-UHFFFAOYSA-N,2015,IC50,8.045757
MICGRTLHXGYMDR-UHFFFAOYSA-N,2010,IC50,6.086186
MILCIPVHZGRZKJ-UHFFFAOYSA-N,2021,IC50,7.920819
MKBVUBPZHVXUHQ-UHFFFAOYSA-N,2021,IC50,5.795880
MMWBTONCCQKTQS-UHFFFAOYSA-N,2021,IC50,4.721246
MPKPTRVJTRZSTE-UHFFFAOYSA-N,2009,IC50,8.045757
MPKPTRVJTRZSTE-UHFFFAOYSA-N,2009,IC50,7.468521
MQCJMILDOYNHBF-UHFFFAOYSA-N,2009,IC50,6.744727
MQDMVBGUNSHZPN-UHFFFAOYSA-N,2015,IC50,6.899629
MQQWXOHKWONINM-UHFFFAOYSA-N,2017,IC50,7.958607
MUHICHNUYXZQMZ-UHFFFAOYSA-N,2010,IC50,7.004365
MUKSRTNWEITUID-UHFFFAOYSA-N,2010,IC50,8.000000
MUKSRTNWEITUID-UHFFFAOYSA-N,2010,IC50,6.974694
MVKDAFKALXUDKT-UHFFFAOYSA-N,2018,IC50,7.886057
MXIDILPNRNAQBQ-UHFFFAOYSA-N,2021,IC50,6.721246
MYIOLJAITUNEEU-UHFFFAOYSA-N,2021,IC50,6.387216
MYUDFJRYDRZPQP-UHFFFAOYSA-N,2018,IC50,8.292430
NBYRRIBSADQBDZ-UHFFFAOYSA-N,2021,IC50,4.722162
NCJMWOVOUKBBEF-UHFFFAOYSA-N,2013,IC50,7.552842
NDZZWAAUFMRWHJ-VIFPVBQESA-N,2010,IC50,7.075721
NEGZXHWGOCEDFT-UHFFFAOYSA-N,2020,IC50,7.537602
NGGBGFKKADSXPM-UHFFFAOYSA-N,2013,IC50,7.431798
NGLFQHOZSPQMIO-UHFFFAOYSA-N,2009,IC50,9.000000
NGLFQHOZSPQMIO-UHFFFAOYSA-N,2009,IC50,7.886057
NGSCVSATAUBCPA-UHFFFAOYSA-N,2009,IC50,9.221849
NGSCVSATAUBCPA-UHFFFAOYSA-N,2009,IC50,8.096910
NHKDTKMZQNVCSK-UHFFFAOYSA-N,2017,IC50,6.657577
NJGBDSGCWOKYIM-UHFFFAOYSA-N,2021,IC50,5.244125
NJGDCFHXTIVBSQ-LJQANCHMSA-N,2020,IC50,7.958607
NJGDCFHXTIVBSQ-LJQANCHMSA-N,2020,IC50,5.173925
NJGDCFHXTIVBSQ-LJQANCHMSA-N,2020,IC50,5.920819
NJGDCFHXTIVBSQ-LJQANCHMSA-N,2020,IC50,7.920819
NJJGBNUYIOHKAB-UHFFFAOYSA-N,2013,IC50,6.488117
NKEFSVLJXCEEQY-UHFFFAOYSA-N,2009,IC50,6.602060
NLANQYVAMLVASG-UHFFFAOYSA-N,2009,IC50,7.958607
NMJYCAZVENRMQN-UHFFFAOYSA-N,2021,IC50,5.415669
NMXNGDRZMHTXDQ-UHFFFAOYSA-N,2010,IC50,5.768276
NNORYSPOAZXKSD-UHFFFAOYSA-N,2018,IC50,8.522879
NODFUSBIEUAVQP-UHFFFAOYSA-N,2021,IC50,7.301030
NOUJJJOVSSPUGB-UHFFFAOYSA-N,2015,IC50,8.096910
NQVMBAMCJBAWKS-UHFFFAOYSA-N,2021,IC50,5.045757
NSBSEDBIIAWIEU-UHFFFAOYSA-N,2020,IC50,7.744727
NSBSEDBIIAWIEU-UHFFFAOYSA-N,2020,IC50,7.221849
NUUGCYKZMHJWGB-UHFFFAOYSA-N,2015,IC50,7.229148
NVUJDKDVOZVALT-UHFFFAOYSA-N,2011,IC50,7.677781
NWNLGPIKBJCOEL-UHFFFAOYSA-N,2015,IC50,7.619789
NWSZMBDPBUPCIO-UHFFFAOYSA-N,2020,IC50,6.886057
NWSZMBDPBUPCIO-UHFFFAOYSA-N,2020,IC50,4.508638
NXLAQFZWXQNOCF-UHFFFAOYSA-N,2011,IC50,7.275724
OAZDCTMDSUWDDQ-UHFFFAOYSA-N,2015,IC50,7.823909
OBNJEGKQRUDUQM-UHFFFAOYSA-N,2010,IC50,7.568636
OCXBYYNZEUUCEO-UHFFFAOYSA-N,2013,IC50,7.408935
ODASQDXOQDGVNN-UHFFFAOYSA-N,2010,IC50,8.000000
ODPGNCNAGLSITO-UHFFFAOYSA-N,2015,IC50,6.917215
OFOJQWGBHSVXQC-UHFFFAOYSA-N,2010,IC50,6.815309
OFUNGNJXXCWYAK-KRWDZBQOSA-N,2021,IC50,4.567512
OGJNEVVUAVJJLL-UHFFFAOYSA-N,2010,IC50,7.017729
OHMBEUUABMUSQV-UHFFFAOYSA-N,2020,IC50,7.000000
OHMBEUUABMUSQV-UHFFFAOYSA-N,2020,IC50,4.337242
OJLASFAHNJPVLA-UHFFFAOYSA-N,2010,IC50,7.552842
OJLASFAHNJPVLA-UHFFFAOYSA-N,2010,IC50,7.366532
OJLASFAHNJPVLA-UHFFFAOYSA-N,2010,IC50,7.552842
OJOZNLJWPOYUSO-UHFFFAOYSA-N,2010,IC50,7.853872
OLFQIHGVKPQPCF-UHFFFAOYSA-N,2012,IC50,4.812479
OLZKXMLLVOENDP-UHFFFAOYSA-N,2018,IC50,8.552842
OMHVWLAJIHJHQO-UHFFFAOYSA-N,2010,IC50,7.823909
ONAJXVCYMGATIT-UHFFFAOYSA-N,2013,IC50,5.935542
ONMVTROUICUNPL-UHFFFAOYSA-N,2021,IC50,5.026872
OPPYXCWIDMCXMM-UHFFFAOYSA-N,2010,IC50,7.301030
OPPYXCWIDMCXMM-UHFFFAOYSA-N,2010,IC50,9.161151
OPPYXCWIDMCXMM-UHFFFAOYSA-N,2011,IC50,6.602060
OQJLQOMBLZXXMG-UHFFFAOYSA-N,2021,IC50,4.483729
OQSREKGKYADMAN-UHFFFAOYSA-N,2021,IC50,5.236572
OSVGDMIRMUCMFA-UHFFFAOYSA-N,2021,IC50,4.522879
OTHUDHNKWWSIOS-UHFFFAOYSA-N,2015,IC50,8.154902
OTVKHNHBCUYOHI-UHFFFAOYSA-N,2015,IC50,7.036212
OUDCQILLLADEQS-UHFFFAOYSA-N,2015,IC50,7.823909
OUGTWLPOXLOZSB-UHFFFAOYSA-N,2017,IC50,8.638272
OVDUYMDKXHUHFR-UHFFFAOYSA-N,2010,IC50,10.221849
OVDUYMDKXHUHFR-UHFFFAOYSA-N,2010,IC50,9.000000
OVFKEMNMAWPWAV-UHFFFAOYSA-N,2014,IC50,8.000000
OWUBZQNYYJEHEA-UHFFFAOYSA-N,2013,IC50,5.193820
OWXPVKGFHSCKKN-UHFFFAOYSA-N,2011,IC50,7.327902
OXUYRAKLTYMDJV-UHFFFAOYSA-N,2021,IC50,4.638272
OXYOAVSPJRYTSY-UHFFFAOYSA-N,2013,IC50,6.924453
OYUCOYCEJWDVQK-UHFFFAOYSA-N,2010,IC50,7.408935
PAHCKSHDDCJAPV-UHFFFAOYSA-N,2021,IC50,8.000000
PDACCUWRIROUSQ-UHFFFAOYSA-N,2012,IC50,5.111259
PDACCUWRIROUSQ-UHFFFAOYSA-N,2012,IC50,7.387216
PEDJHCMYIVIMPX-UHFFFAOYSA-N,2010,IC50,5.883392
PEFRKXQQHSSKCJ-UHFFFAOYSA-N,2021,IC50,4.958607
PEKDBFISGGSXDM-UHFFFAOYSA-N,2021,IC50,5.156767
PEQAVOGGCFURJQ-UHFFFAOYSA-N,2015,IC50,6.404504
PEXPKNONLMRNCB-UHFFFAOYSA-N,2015,IC50,6.612610
PFEGOQVRJUBECN-UHFFFAOYSA-N,2011,IC50,6.154902
PFTDBWKSVBQWLD-UHFFFAOYSA-N,2015,IC50,6.259637
PHDZAZAGNFFBLT-UHFFFAOYSA-N,2015,IC50,7.657577
PHJZFBFLKLOXTJ-UHFFFAOYSA-N,2009,IC50,8.698970
PHZDRQUKVAZUCA-UHFFFAOYSA-N,2009,IC50,4.167491
PIIAGRLGKMELJZ-UHFFFAOYSA-N,2014,IC50,8.698970
PIJPVFQPQJPMBA-UHFFFAOYSA-N,2017,IC50,6.721246
PKTVBMJHJKUWKY-UHFFFAOYSA-N,2015,IC50,6.782516
PKYCAZGMGWMHIV-UHFFFAOYSA-N,2015,IC50,7.187087
POOHHJFOXPYZBG-UHFFFAOYSA-N,2021,IC50,5.602060
PPAPDAGBWCPVAF-UHFFFAOYSA-N,2021,IC50,6.136677
PPDVABZZSKOUIL-UHFFFAOYSA-N,2021,IC50,4.823909
PQRKPYLNZGDCFH-UHFFFAOYSA-N,2015,IC50,6.522879
PRAPXBVFYBPXQO-UHFFFAOYSA-N,2015,IC50,9.000000
PRDNSHYLILKQEH-UHFFFAOYSA-N,2015,IC50,6.259637
PRZKVPSEKMHFIS-UHFFFAOYSA-N,2009,IC50,7.167491
PSOBORQSDNHBBG-UHFFFAOYSA-N,2010,IC50,6.507240
PSOBORQSDNHBBG-UHFFFAOYSA-N,2010,IC50,5.979639
PTMMQFPPPKXWPY-UHFFFAOYSA-N,2015,IC50,7.455932
PTZIKDBJCFRPDZ-UHFFFAOYSA-N,2020,IC50,7.356547
PTZIKDBJCFRPDZ-UHFFFAOYSA-N,2020,IC50,5.050610
PUKHTXUSOFRCLY-UHFFFAOYSA-N,2007,IC50,7.292430
PULJHNBYOLWKDA-UHFFFAOYSA-N,2007,IC50,6.958607
PURFCVBFLYONHX-UHFFFAOYSA-N,2021,IC50,6.585027
PVBMOKHQFZYWAU-UHFFFAOYSA-N,2018,IC50,8.275724
PVTIQVJHZDSETN-UHFFFAOYSA-N,2009,IC50,7.091515
PWCLVFVMJUISEY-UHFFFAOYSA-N,2009,IC50,6.714443
PXHWOKWXJFVBQI-UHFFFAOYSA-N,2015,IC50,6.698970
PZKBKFUOXSPSOT-UHFFFAOYSA-N,2011,IC50,7.397940
QBKAATYCRQYMOC-UHFFFAOYSA-N,2010,IC50,7.221849
QBLMECODYJQHHH-UHFFFAOYSA-N,2021,IC50,6.154902
QBWYZAHJEFWQPF-UHFFFAOYSA-N,2009,IC50,6.744727
QDBRGNOICKEIFC-UHFFFAOYSA-N,2021,IC50,7.443697
QFPMRLIQHPZGIW-UHFFFAOYSA-N,2015,IC50,7.522879
QGAOFRPGAPZIHH-UHFFFAOYSA-N,2015,IC50,6.767004
QGBKZJBVPXFYGH-UHFFFAOYSA-N,2020,IC50,6.568636
QGBKZJBVPXFYGH-UHFFFAOYSA-N,2020,IC50,5.259637
QGCICRMMUPZJRA-UHFFFAOYSA-N,2015,IC50,6.712198
QGYVBIBXWFZNHR-UHFFFAOYSA-N,2018,IC50,7.236572
QHWTUKKWKMORTI-UHFFFAOYSA-N,2018,IC50,6.119186
QIDAHAVIHYEHNE-UHFFFAOYSA-N,2021,IC50,4.636012
QKWLRODKIRAAQF-UHFFFAOYSA-N,2013,IC50,5.619789
QKYBNRACKLQSIG-UHFFFAOYSA-N,2010,IC50,9.000000
QKYBNRACKLQSIG-UHFFFAOYSA-N,2010,IC50,8.397940
QMQSPGPSUGTADW-UHFFFAOYSA-N,2014,IC50,7.259637
QMVNSALEQFSIPB-UHFFFAOYSA-N,2021,IC50,4.810229
QMZSSLLJQUFMHM-UHFFFAOYSA-N,2013,IC50,7.920819
QNEITNWZOMGSRC-UHFFFAOYSA-N,2014,IC50,7.214670
QNOWPIAIUWJQEZ-UHFFFAOYSA-N,2010,IC50,9.698970
QNOWPIAIUWJQEZ-UHFFFAOYSA-N,2010,IC50,9.154902
QNUDDUJKEADCAU-UHFFFAOYSA-N,2021,IC50,4.430860
QNXMXQBKDPEQJB-UHFFFAOYSA-N,2009,IC50,8.568636
QOETUANYKPWXAI-UHFFFAOYSA-N,2015,IC50,7.920819
QOPKUNUDJDVDAT-KRWDZBQOSA-N,2021,IC50,4.532096
QQVCHWVVWPXQAB-UHFFFAOYSA-N,2015,IC50,7.522879
QRBORTBSPFTFBT-UHFFFAOYSA-N,2011,IC50,6.107905
QRFRAKBWRNDXNA-UHFFFAOYSA-N,2014,IC50,7.958607
QRPLDPMGPWGQNY-UHFFFAOYSA-N,2010,IC50,5.549289
QSIWJLXYYABZQA-UHFFFAOYSA-N,2021,IC50,4.481486
QTBRDMNOZGAPAG-UHFFFAOYSA-N,2010,IC50,8.154902
QTBRDMNOZGAPAG-UHFFFAOYSA-N,2010,IC50,7.823909
QTBRDMNOZGAPAG-UHFFFAOYSA-N,2010,IC50,7.292430
QUTLIWUOJFORRY-SFHVURJKSA-N,2021,IC50,4.636952
QVTWHNBICUCVNZ-UHFFFAOYSA-N,2015,IC50,6.698970
QWXMVJIXQUFDNT-UHFFFAOYSA-N,2007,IC50,6.251812
QWZODTPVVFULBR-UHFFFAOYSA-N,2009,IC50,7.795880
QXNOTUKNWZNQSX-UHFFFAOYSA-N,2009,IC50,6.677781
QYSJJGXAYRFXTJ-UHFFFAOYSA-N,2015,IC50,7.221849
QZAWZZYVOJRGOB-UHFFFAOYSA-N,2013,IC50,6.804100
RBWWUKNHEWKRGE-UHFFFAOYSA-N,2014,IC50,6.390406
RCFIAUNRSNNZEN-UHFFFAOYSA-N,2020,IC50,5.958607
RCFIAUNRSNNZEN-UHFFFAOYSA-N,2020,IC50,4.431798
RCNVLPYVUMMOKT-UHFFFAOYSA-N,2010,IC50,6.602060
RCVPUPWQGZXUEJ-UHFFFAOYSA-N,2013,IC50,6.537602
RDQWKQAOJWXZAZ-UHFFFAOYSA-N,2021,IC50,7.602060
RFEDIUPOYRAACU-UHFFFAOYSA-N,2020,IC50,7.366532
RFEDIUPOYRAACU-UHFFFAOYSA-N,2020,IC50,4.769551
RFPQSFCICWNNNL-UHFFFAOYSA-N,2020,IC50,6.136677
RHBTVSAJSUTJRD-UHFFFAOYSA-N,2014,IC50,7.853872
RHPXWRYYGZAEAP-UHFFFAOYSA-N,2021,IC50,5.804100
RHSIRKLMZPOXPT-UHFFFAOYSA-N,2014,IC50,7.677781
RHSIRKLMZPOXPT-UHFFFAOYSA-N,2015,IC50,7.769551
RHYQIXNCTOPIIA-UHFFFAOYSA-N,2015,IC50,6.543634
RJTHOZRLXMDNHA-UHFFFAOYSA-N,2010,IC50,7.221849
RKZYYYGQGKDPRC-UHFFFAOYSA-N,2015,IC50,7.167491
RLIOGLONFBOCIA-UHFFFAOYSA-N,2011,IC50,7.055517
RLLOXIRPCGZAHM-UHFFFAOYSA-N,2018,IC50,8.283997
RLSFSSXSLQYHKJ-UHFFFAOYSA-N,2018,IC50,8.420216
RMQSXRNHCOORCY-UHFFFAOYSA-N,2018,IC50,7.744727
RNLAXHUEWLFUBY-UHFFFAOYSA-N,2018,IC50,7.657577
ROYPFGQMSMXLRB-UHFFFAOYSA-N,2013,IC50,8.522879
RQDMDMIVEPJOKQ-UHFFFAOYSA-N,2009,IC50,8.045757
RQIVVIRLGLYLGN-UHFFFAOYSA-N,2014,IC50,7.318759
RQZMRFSOADEDRW-UHFFFAOYSA-N,2021,IC50,6.795880
RRTSDHWLZVYCFW-INIZCTEOSA-N,2021,IC50,7.187087
RRTSDHWLZVYCFW-MRXNPFEDSA-N,2021,IC50,7.130768
RSPGODWWHKNLIZ-UHFFFAOYSA-N,2010,IC50,6.928118
RSPGODWWHKNLIZ-UHFFFAOYSA-N,2010,IC50,7.096910
RVEDNFBVAKXYRX-UHFFFAOYSA-N,2015,IC50,6.259637
RWLJEWOYURWKLV-UHFFFAOYSA-N,2009,IC50,6.838632
RWXHNRBFFHRSLQ-UHFFFAOYSA-N,2013,IC50,5.866461
RXBOSKCKGPDBKY-UHFFFAOYSA-N,2013,IC50,7.619789
RXCQKLVIKIJAJK-UHFFFAOYSA-N,2010,IC50,7.309804
RXCQKLVIKIJAJK-UHFFFAOYSA-N,2010,IC50,9.251812
RYXPPTOWXABFNA-UHFFFAOYSA-N,2009,IC50,7.677781
RZPKBRSPYLDGMK-UHFFFAOYSA-N,2010,IC50,6.465974
RZWTWXUTZXSMLZ-UHFFFAOYSA-N,2011,IC50,5.294136
SBXHEGPAXOPTOH-UHFFFAOYSA-N,2010,IC50,7.568636
SBXHEGPAXOPTOH-UHFFFAOYSA-N,2010,IC50,7.119186
SFIKGBKMOQHADS-UHFFFAOYSA-N,2007,IC50,6.677781
SFZIHPWYOVXAKU-UHFFFAOYSA-N,2021,IC50,4.921543
SHLKRAJIHVATIE-UHFFFAOYSA-N,2015,IC50,7.468521
SHMOHYRZAVMWFR-UHFFFAOYSA-N,2018,IC50,8.420216
SIBAWLCRNLFUQK-UHFFFAOYSA-N,2007,IC50,7.408935
SIGGFDISUSMMKN-UHFFFAOYSA-N,2010,IC50,9.000000
SIGGFDISUSMMKN-UHFFFAOYSA-N,2010,IC50,8.397940
SIMRYXWGLGGGQG-UHFFFAOYSA-N,2015,IC50,9.000000
SIYKZRZVXFQNFN-UHFFFAOYSA-N,2015,IC50,6.457175
SJIXOWCHTLSXTO-UHFFFAOYSA-N,2021,IC50,6.578396
SLKPAKPHVBWASJ-UHFFFAOYSA-N,2011,IC50,6.571865
SLQTUMVIMBTKIA-UHFFFAOYSA-N,2013,IC50,7.154902
SLWPPOJXOVDYRG-UHFFFAOYSA-N,2010,IC50,6.110698
SLZJTFADTLJBQP-UHFFFAOYSA-N,2015,IC50,7.065502
SMKHSRSPGAGESW-UHFFFAOYSA-N,2009,IC50,8.397940
SMKHSRSPGAGESW-UHFFFAOYSA-N,2009,IC50,8.045757
SNSYNTMEUZSUJK-UHFFFAOYSA-N,2014,IC50,6.209012
SQFSVBKSNIQBBG-UHFFFAOYSA-N,2021,IC50,4.537602
SQWLNUWVUPGHCL-UHFFFAOYSA-N,2015,IC50,6.943095
SQWLNUWVUPGHCL-UHFFFAOYSA-N,2015,IC50,6.913640
SQWUULLGKKTQIS-UHFFFAOYSA-N,2021,IC50,6.221849
SRCWAZLLMRPCKV-UHFFFAOYSA-N,2021,IC50,5.477556
SRNNTPKXTMAMJQ-UHFFFAOYSA-N,2015,IC50,7.187087
SSAOWRVGWUAING-UHFFFAOYSA-N,2020,IC50,4.481486
SSQGUNLQSXARJD-UHFFFAOYSA-N,2018,IC50,6.508638
STTTWRHBLPZGHA-UHFFFAOYSA-N,2011,IC50,5.617623
SUBFQBLISWRLGM-UHFFFAOYSA-N,2021,IC50,4.920819
SUIRPQHNXDKVBP-UHFFFAOYSA-N,2014,IC50,8.045757
SVNXVLSQFKQHSG-UHFFFAOYSA-N,2020,IC50,7.638272
SVNXVLSQFKQHSG-UHFFFAOYSA-N,2020,IC50,5.958607
SVTBUTPWEOUGGT-UHFFFAOYSA-N,2011,IC50,6.043832
SXCZVZBSIYFIES-UHFFFAOYSA-N,2011,IC50,5.219683
SXCZVZBSIYFIES-UHFFFAOYSA-N,2011,IC50,8.154902
SXXDFMNSYQJQAM-UHFFFAOYSA-N,2021,IC50,6.309804
SYRGPVPKQWDULB-UHFFFAOYSA-N,2009,IC50,7.309804
SZFLUDGFRFUFIF-UHFFFAOYSA-N,2007,IC50,7.236572
SZITYMXJWRJBEU-UHFFFAOYSA-N,2014,IC50,6.712198
SZPIDKVNLJYYCY-UHFFFAOYSA-N,2018,IC50,8.318759
TVGUBMHUHTULAD-UHFFFAOYSA-N,2017,IC50,8.327902
TVSDBYTZFAQONZ-UHFFFAOYSA-N,2010,IC50,8.045757
TVSDBYTZFAQONZ-UHFFFAOYSA-N,2013,IC50,7.744727
TWVXMOMAJLXIOI-UHFFFAOYSA-N,2018,IC50,8.346787
TXAFTVWJSAFODA-UHFFFAOYSA-N,2021,IC50,6.180456
TXRXZXXDVZMXQI-UHFFFAOYSA-N,2021,IC50,7.045757
TYWRNMFRUMXPGG-UHFFFAOYSA-N,2021,IC50,4.395342
TZPVKYRYMPBIAR-UHFFFAOYSA-N,2018,IC50,5.568636
TZWBQCSHNHTYRV-UHFFFAOYSA-N,2021,IC50,6.229148
UACQNMPQQNWDHW-UHFFFAOYSA-N,2015,IC50,6.552842
UBCCMDWWWBPHGT-UHFFFAOYSA-N,2012,IC50,5.376751
UBGWLXSKDOAQDZ-UHFFFAOYSA-N,2015,IC50,7.958607
UCLVWBWUFFDDFF-UHFFFAOYSA-N,2021,IC50,8.000000
UJEAABFSXKCSGI-UHFFFAOYSA-N,2012,IC50,5.970616
UJEAABFSXKCSGI-UHFFFAOYSA-N,2011,IC50,8.301030
UJEAABFSXKCSGI-UHFFFAOYSA-N,2011,IC50,5.972243
UJEAABFSXKCSGI-UHFFFAOYSA-N,2011,IC50,9.000000
UKGARQJWXPNPOQ-UHFFFAOYSA-N,2015,IC50,8.045757
ULOUZKXADJAFCJ-UHFFFAOYSA-N,2018,IC50,8.193820
ULRJAXRYLNKWEK-UHFFFAOYSA-N,2018,IC50,8.346787
UOBSJRCSGINYIK-UHFFFAOYSA-N,2011,IC50,6.221849
UOWHAXONWVKJBJ-UHFFFAOYSA-N,2021,IC50,6.493495
UPRHRDVCISBLNY-UHFFFAOYSA-N,2013,IC50,6.995679
UPZYJNDFFUPCMP-UHFFFAOYSA-N,2015,IC50,8.221849
UPZYJNDFFUPCMP-UHFFFAOYSA-N,2015,IC50,7.721246
UQJNIPXIEPKZOU-UHFFFAOYSA-N,2018,IC50,7.522879
UQZDNPLDDMGGJO-UHFFFAOYSA-N,2015,IC50,8.522879
USNMRCHOYBFQQS-HNNXBMFYSA-N,2021,IC50,4.823909
USNMRCHOYBFQQS-OAHLLOKOSA-N,2021,IC50,5.698970
UTVXGMXIEZCHNS-UHFFFAOYSA-N,2010,IC50,5.991826
UUIMYJNHPXLQCJ-UHFFFAOYSA-N,2018,IC50,8.366532
UVBXNVJUKVHGQV-UHFFFAOYSA-N,2010,IC50,6.744727
UVBXNVJUKVHGQV-UHFFFAOYSA-N,2010,IC50,6.408935
UVZGQUPSLPXTCE-UHFFFAOYSA-N,2021,IC50,5.408935
UWTDRYIQCPGWSN-UHFFFAOYSA-N,2010,IC50,10.000000
UWTDRYIQCPGWSN-UHFFFAOYSA-N,2010,IC50,9.000000
UWUAEZTYVRHTAE-UHFFFAOYSA-N,2009,IC50,6.958607
UWUNYOLFEWOXPK-UHFFFAOYSA-N,2020,IC50,6.585027
UYEHCTBWKPFTAW-UHFFFAOYSA-N,2017,IC50,7.000000
UYFNGEZEGDJGRS-UHFFFAOYSA-N,2015,IC50,7.920819
UZKNQJBFOJXZAS-UHFFFAOYSA-N,2021,IC50,5.344862
VAHVWEIUWRWGMO-UHFFFAOYSA-N,2018,IC50,5.853872
VAPVQZVTHURTBU-UHFFFAOYSA-N,2007,IC50,6.585027
VCVPLZYCGTZQPH-UHFFFAOYSA-N,2011,IC50,7.537602
VDHRRGJZIXAUGT-UHFFFAOYSA-N,2015,IC50,7.275724
VDKRLMPMQRVURB-UHFFFAOYSA-N,2015,IC50,6.806875
VEYLYUFAIWVHMJ-UHFFFAOYSA-N,2015,IC50,6.187087
VGNKDMGXJAFLHP-UHFFFAOYSA-N,2009,IC50,8.494850
VGUYFKPHZLTTGZ-UHFFFAOYSA-N,2010,IC50,8.698970
VGUYFKPHZLTTGZ-UHFFFAOYSA-N,2010,IC50,8.154902
VHAKYDKKFHVGOY-UHFFFAOYSA-N,2011,IC50,7.229148
VJMXZZFAFYCUBI-UHFFFAOYSA-N,2009,IC50,7.886057
VJPKIESXSVKSMF-KRWDZBQOSA-N,2021,IC50,4.489589
VJVXNAFSDHYZBV-UHFFFAOYSA-N,2015,IC50,6.400117
VJYMDTMHJYNRJZ-UHFFFAOYSA-N,2011,IC50,4.900043
VLPCSVJCVLLLIL-UHFFFAOYSA-N,2021,IC50,6.357535
VMDYSIORBHDRQP-UHFFFAOYSA-N,2021,IC50,5.920819
VNIAFXBXTRDXMQ-UHFFFAOYSA-N,2018,IC50,6.823909
VNZOYLVCXSIPLE-UHFFFAOYSA-N,2014,IC50,6.183096
VONRSHIJPODIKL-UHFFFAOYSA-N,2015,IC50,7.119186
VQDGJZNIRTTYKE-UHFFFAOYSA-N,2021,IC50,5.737549
VQHFOIQFTUFCRK-UHFFFAOYSA-N,2009,IC50,7.468521
VRKBECQLEIUSJU-UHFFFAOYSA-N,2021,IC50,7.180456
VRLCSDDKAOHKFC-UHFFFAOYSA-N,2021,IC50,7.236572
VTABGZWRDJJDPV-UHFFFAOYSA-N,2018,IC50,8.124939
VTQVXDHQCOTSNO-UHFFFAOYSA-N,2009,IC50,8.522879
VTQVXDHQCOTSNO-UHFFFAOYSA-N,2009,IC50,8.522879
VVHLMAQLSWPCHG-UHFFFAOYSA-N,2014,IC50,6.801343
VWCJLKMHBIRFIC-UHFFFAOYSA-N,2015,IC50,9.000000
VXKIGLXUWBMSSF-UHFFFAOYSA-N,2015,IC50,7.823909
VXKPHGDXQWIXKS-UHFFFAOYSA-N,2021,IC50,5.471083
VXTIWKKEIPKNMR-UHFFFAOYSA-N,2010,IC50,7.619789
VXVXMSUTJUHXQD-UHFFFAOYSA-N,2007,IC50,6.455932
VYFAQGQHDGPTQI-UHFFFAOYSA-N,2015,IC50,6.514279
WAQGCAIWRVWZEO-UHFFFAOYSA-N,2021,IC50,6.026872
WBHLUVWKSZPJOW-UHFFFAOYSA-N,2021,IC50,6.677781
WBULXKBWHYGHMK-UHFFFAOYSA-N,2010,IC50,8.154902
WBULXKBWHYGHMK-UHFFFAOYSA-N,2010,IC50,7.853872
WDBWESHSYASXHU-UHFFFAOYSA-N,2009,IC50,5.397940
WDFCGEVXWFPWRD-UHFFFAOYSA-N,2020,IC50,4.366532
WFOFPVXMPTVOTJ-UHFFFAOYSA-N,2017,IC50,6.173925
WGKNCBOCXQLHDO-UHFFFAOYSA-N,2011,IC50,6.552842
WHAPXZAHAJLDEH-UHFFFAOYSA-N,2021,IC50,4.602060
WIASLCVAGCLOBE-UHFFFAOYSA-N,2011,IC50,6.422508
WIDMBOPKLMRSFC-UHFFFAOYSA-N,2009,IC50,6.081970
WIJFXDQOPDGGOQ-UHFFFAOYSA-N,2011,IC50,7.769551
WIJZEWRZMDDVJL-UHFFFAOYSA-N,2009,IC50,7.327902
WIOWXPVRMRYZEL-UHFFFAOYSA-N,2017,IC50,7.677781
WJJKHUYDDQZWEH-UHFFFAOYSA-N,2011,IC50,6.122053
WLFKWVOZFNSZLL-UHFFFAOYSA-N,2018,IC50,8.408935
WLOLMYNNISZAOR-UHFFFAOYSA-N,2010,IC50,9.346787
WLOLMYNNISZAOR-UHFFFAOYSA-N,2010,IC50,8.522879
WMHWSQSRVLCBCN-LJQANCHMSA-N,2020,IC50,8.045757
WMHWSQSRVLCBCN-LJQANCHMSA-N,2020,IC50,6.698970
WMHWSQSRVLCBCN-LJQANCHMSA-N,2020,IC50,8.096910
WNTTXHZYSIFTGA-UHFFFAOYSA-N,2021,IC50,5.327902
WNWRTHGYPQYCMH-UHFFFAOYSA-N,2015,IC50,6.590067
WNXJRFBAPGDJPB-UHFFFAOYSA-N,2014,IC50,8.221849
WNXJRFBAPGDJPB-UHFFFAOYSA-N,2015,IC50,7.677781
WPUFSUFYEYOKFL-UHFFFAOYSA-N,2011,IC50,8.000000
WRJOQYNCPVXGGP-UHFFFAOYSA-N,2015,IC50,7.920819
WTBOAAQDYGZIDY-UHFFFAOYSA-N,2021,IC50,4.443577
WTEUXABBNMOHMF-UHFFFAOYSA-N,2021,IC50,5.318759
WUXVFDRDUKEWLP-UHFFFAOYSA-N,2015,IC50,6.297569
WUYJTKVQECUKMU-UHFFFAOYSA-N,2020,IC50,8.045757
WUYJTKVQECUKMU-UHFFFAOYSA-N,2020,IC50,5.619789
WUYMXUBFJNKBRW-UHFFFAOYSA-N,2015,IC50,7.494850
WWBVCAKAKGRAPT-UHFFFAOYSA-N,2015,IC50,6.187087
WXFQEONJOQLPLU-UHFFFAOYSA-N,2011,IC50,4.738523
WXYKOSAXCPQDGN-UHFFFAOYSA-N,2014,IC50,6.126098
WYCXEKKLBAECDV-UHFFFAOYSA-N,2009,IC50,7.102373
WYEULJJLHMNLKA-UHFFFAOYSA-N,2021,IC50,6.420216
WZRZJIJWXNTMHY-UHFFFAOYSA-N,2018,IC50,8.013228
XADACMQAYCPPAU-UHFFFAOYSA-N,2007,IC50,7.045757
XAPVMFDRNUGWRP-UHFFFAOYSA-N,2014,IC50,7.522879
XAPVMFDRNUGWRP-UHFFFAOYSA-N,2015,IC50,7.920819
XBIKGHUEZUZQDW-UHFFFAOYSA-N,2021,IC50,5.086186
XCNTYRFFEJBEEZ-UHFFFAOYSA-N,2021,IC50,7.585027
XCOGDUQHGXZRBZ-UHFFFAOYSA-N,2021,IC50,5.730487
XCYAUDKMHBMJSP-UHFFFAOYSA-N,2009,IC50,6.522879
XCYAUDKMHBMJSP-UHFFFAOYSA-N,2010,IC50,6.595166
XFAIPWMPBKSRHX-UHFFFAOYSA-N,2014,IC50,8.522879
XFXBWEMTHDVUIY-UHFFFAOYSA-N,2015,IC50,7.958607
XGPFKIMMYZLFJE-UHFFFAOYSA-N,2011,IC50,6.739929
XHMGFTJVRQWJHO-UHFFFAOYSA-N,2009,IC50,6.920819
XHNVHKJYGLTCDQ-UHFFFAOYSA-N,2009,IC50,5.358823
XHXQQNMOHJNIJD-UHFFFAOYSA-N,2009,IC50,8.096910
XILJDMHVCGVOES-UHFFFAOYSA-N,2013,IC50,6.903090
XJBJQQCHYUCQGQ-UHFFFAOYSA-N,2015,IC50,7.795880
XJFLMHKMZJEILW-UHFFFAOYSA-N,2009,IC50,7.886057
XLNLAGRVXCJPBA-UHFFFAOYSA-N,2010,IC50,8.154902
XLVWQBLLHTWXIH-UHFFFAOYSA-N,2015,IC50,7.657577
XNDFTRNFNLLUBC-UHFFFAOYSA-N,2014,IC50,5.572352
XOUHTFHLCHSXCX-UHFFFAOYSA-N,2011,IC50,5.025857
XRGLTGDFWPFBQM-UHFFFAOYSA-N,2009,IC50,7.000000
XRRGXLPXVXJOOD-UHFFFAOYSA-N,2020,IC50,5.602060
XRTAVSIPSGJVGV-UHFFFAOYSA-N,2010,IC50,8.301030
XRTAVSIPSGJVGV-UHFFFAOYSA-N,2010,IC50,7.657577
XRUGFRWMDURAFZ-UHFFFAOYSA-N,2013,IC50,7.744727
XRXZSGOXODFAMO-UHFFFAOYSA-N,2009,IC50,6.853872
XSEGUYXQKSLRAT-UHFFFAOYSA-N,2015,IC50,7.173925
XTDCUOWXCFGLBV-UHFFFAOYSA-N,2015,IC50,7.677781
XTZUCMWDWNWYFV-UHFFFAOYSA-N,2014,IC50,8.397940
XTZUCMWDWNWYFV-UHFFFAOYSA-N,2015,IC50,7.102373
XUOGOSUVCSSMDP-UHFFFAOYSA-N,2021,IC50,4.361112
XVAYTWRBNSFEAT-UHFFFAOYSA-N,2007,IC50,7.013228
XVMOOSRGRVWSLY-UHFFFAOYSA-N,2014,IC50,7.376751
XVMOOSRGRVWSLY-UHFFFAOYSA-N,2015,IC50,7.677781
XVMOOSRGRVWSLY-UHFFFAOYSA-N,2015,IC50,7.721246
XVMOOSRGRVWSLY-UHFFFAOYSA-N,2015,IC50,7.040959
XVMOOSRGRVWSLY-UHFFFAOYSA-N,2015,IC50,7.795880
XWKNIHACUXAXDU-UHFFFAOYSA-N,2009,IC50,8.552842
XWMYAKWYAWAMPO-UHFFFAOYSA-N,2021,IC50,6.004365
XWZRSIFXJKXRGO-UHFFFAOYSA-N,2011,IC50,7.318759
YBINHOUXNKFPGW-UHFFFAOYSA-N,2015,IC50,6.436519
YBNHIXIOLBFOOE-UHFFFAOYSA-N,2011,IC50,5.953505
YBZRLSPGCLVDLO-UHFFFAOYSA-N,2021,IC50,7.154902
YCGOMZIVHHMKBQ-UHFFFAOYSA-N,2010,IC50,7.522879
YDDAGXPEVKOIBY-UHFFFAOYSA-N,2018,IC50,8.045757
YDHBXEHQNZJOAD-KRWDZBQOSA-N,2021,IC50,4.397940
YFHCFMDYCXILIY-UHFFFAOYSA-N,2009,IC50,9.301030
YGUFIZYVQUFHKN-UHFFFAOYSA-N,2007,IC50,7.408935
YGUNSISMZUVZGU-UHFFFAOYSA-N,2009,IC50,5.337242
YHSOKGLZUGZMOD-UHFFFAOYSA-N,2011,IC50,6.590067
YIKYZCBJLHVTIF-UHFFFAOYSA-N,2020,IC50,7.000000
YIKYZCBJLHVTIF-UHFFFAOYSA-N,2020,IC50,7.301030
YJHJQXHMJDTXDU-UHFFFAOYSA-N,2021,IC50,7.318759
YJKHGJGDWHXZBG-UHFFFAOYSA-N,2014,IC50,7.602060
YJKHGJGDWHXZBG-UHFFFAOYSA-N,2015,IC50,6.782516
YJKHGJGDWHXZBG-UHFFFAOYSA-N,2015,IC50,7.638272
YJKHGJGDWHXZBG-UHFFFAOYSA-N,2015,IC50,7.958607
YLODXNZMRTUOCX-UHFFFAOYSA-N,2011,IC50,6.774691
YLQRMKQJUAYGBI-UHFFFAOYSA-N,2014,IC50,9.301030
YNJJNKJRNAZYAT-UHFFFAOYSA-N,2015,IC50,7.187087
YNWGCQBJZMOQPI-UHFFFAOYSA-N,2018,IC50,8.318759
YPFPMMAEALELIY-UHFFFAOYSA-N,2021,IC50,6.443697
YQQDINFODVIWMR-UHFFFAOYSA-N,2015,IC50,6.978811
YRYCVYQUTHYAMW-UHFFFAOYSA-N,2015,IC50,6.501689
YSRCIJVCLXAWIY-UHFFFAOYSA-N,2018,IC50,8.055517
YTLFZEMWXNXCHP-UHFFFAOYSA-N,2014,IC50,7.142668
YUHHIMVJGVOQJM-UHFFFAOYSA-N,2021,IC50,5.795880
YUOGITYDNCIOEO-UHFFFAOYSA-N,2010,IC50,8.154902
YUOGITYDNCIOEO-UHFFFAOYSA-N,2010,IC50,7.677781
YUPHLTIAZRSGKU-UHFFFAOYSA-N,2012,IC50,5.412289
YVLCRJQXUAOMDM-UHFFFAOYSA-N,2015,IC50,7.455932
YXLBZGFGGWKRHW-UHFFFAOYSA-N,2015,IC50,6.321482
YYLZEIUVJBDDJF-UHFFFAOYSA-N,2009,IC50,5.939302
YZHQOFMKIVGTRP-SFHVURJKSA-N,2021,IC50,4.515843
ZBFFRSOBUFXEKD-UHFFFAOYSA-N,2013,IC50,6.530178
ZCCPLJOKGAACRT-UHFFFAOYSA-N,2018,Kd,8.332921
ZDLJGSZDJWXELF-UHFFFAOYSA-N,2015,IC50,6.024568
ZDQNRLZNTMVGBK-KRWDZBQOSA-N,2021,IC50,4.638461
ZEJRGJKYGUNDPO-UHFFFAOYSA-N,2009,IC50,5.602060
ZERZCVLKYUFIRW-UHFFFAOYSA-N,2010,IC50,6.701147
ZFHYZBLHLMXEBL-UHFFFAOYSA-N,2021,IC50,6.677781
ZGNDLGFUYNRRBQ-UHFFFAOYSA-N,2015,IC50,9.000000
ZICOCMKZEGRURQ-UHFFFAOYSA-N,2010,IC50,6.759451
ZIZNVIXVYYAVOC-UHFFFAOYSA-N,2015,IC50,7.853872
ZKGOKZNJBOOPRT-UHFFFAOYSA-N,2015,IC50,6.742321
ZLESCZTUYINREP-GOSISDBHSA-N,2014,IC50,5.662541
ZLJXCGINXMZSHV-UHFFFAOYSA-N,2015,IC50,9.000000
ZMNCGKQJUYNKMG-UHFFFAOYSA-N,2011,IC50,4.613590
ZMSGLYQOQFYEBI-UHFFFAOYSA-N,2012,IC50,5.004365
ZMSGLYQOQFYEBI-UHFFFAOYSA-N,2012,IC50,7.568636
ZNFKEOYKZWMUEZ-UHFFFAOYSA-N,2009,IC50,6.920819
ZOEWLHQWLATJPA-UHFFFAOYSA-N,2017,IC50,8.920819
ZQDSQIDDAXWHQJ-UHFFFAOYSA-N,2009,IC50,7.795880
ZRYYXKBNSUWNBG-UHFFFAOYSA-N,2010,IC50,7.795880
ZSJICZMNRMEJDA-UHFFFAOYSA-N,2010,IC50,8.221849
ZSJICZMNRMEJDA-UHFFFAOYSA-N,2010,IC50,8.154902
ZSWOIVIXCCZNJP-UHFFFAOYSA-N,2013,IC50,7.000000
ZTAJDWVTNCBVNS-UHFFFAOYSA-N,2015,IC50,7.387216
ZTKDFCKKQLEJNQ-UHFFFAOYSA-N,2015,IC50,7.154902
ZTYCZYQYLKKKQQ-UHFFFAOYSA-N,2014,IC50,7.397940
ZVDNSERVQXIYPJ-UHFFFAOYSA-N,2009,IC50,7.886057
ZWPFNFMXJLRPQU-UHFFFAOYSA-N,2017,IC50,7.568636
ZWSJMIXLKNUYHN-UHFFFAOYSA-N,2015,IC50,6.742321
ZWXIGUDEOUIULA-UHFFFAOYSA-N,2014,IC50,7.522879
ZZAPJOCTVLDGNQ-UHFFFAOYSA-N,2009,IC50,9.221849
ZZCPRLFJMWBCSV-UHFFFAOYSA-N,2009,IC50,6.924453
