inchikey,validated,pAct_pre,n_pre,n_undated
HYWPCURCNVJWBD-UHFFFAOYSA-N,1,10.397940008672037,1,0
KDRGWBDOBCLUSE-UHFFFAOYSA-N,1,10.301029995663981,2,0
LFQBDZIKMOOKIP-UHFFFAOYSA-N,1,10.221848749616356,5,0
OVDUYMDKXHUHFR-UHFFFAOYSA-N,1,9.610924374808178,2,0
DDXUZSUWYQGZES-UHFFFAOYSA-N,1,9.522878745280337,3,0
UWTDRYIQCPGWSN-UHFFFAOYSA-N,1,9.5,2,0
QNOWPIAIUWJQEZ-UHFFFAOYSA-N,1,9.426935982160881,2,0
ABRPDNMHYXMRIE-UHFFFAOYSA-N,1,9.368063661567387,2,0
ANTRYADYILUHOS-UHFFFAOYSA-N,1,9.33889035263304,2,0
YFHCFMDYCXILIY-UHFFFAOYSA-N,1,9.301029995663981,1,0
YLQRMKQJUAYGBI-UHFFFAOYSA-N,1,9.301029995663981,1,0
ZZAPJOCTVLDGNQ-UHFFFAOYSA-N,1,9.221848749616356,1,0
AEDMQUAPBVOJNN-UHFFFAOYSA-N,1,9.0,1,0
IQHQDZNRKGZLGK-UHFFFAOYSA-N,1,,0,0
DNCKPUTVTXBQDJ-UHFFFAOYSA-N,1,,0,0
CEIMCKXVCRNXID-UHFFFAOYSA-N,1,,0,0
SIMRYXWGLGGGQG-UHFFFAOYSA-N,1,,0,0
VWCJLKMHBIRFIC-UHFFFAOYSA-N,1,,0,0
ZGNDLGFUYNRRBQ-UHFFFAOYSA-N,1,,0,0
ZLJXCGINXMZSHV-UHFFFAOYSA-N,1,,0,0
PRAPXBVFYBPXQO-UHFFFAOYSA-N,1,,0,0
WLOLMYNNISZAOR-UHFFFAOYSA-N,1,8.934833115752497,2,0
ZOEWLHQWLATJPA-UHFFFAOYSA-N,1,,0,0
LNGYRMQFDYVKMZ-UHFFFAOYSA-N,1,8.84948500216801,2,0
PHJZFBFLKLOXTJ-UHFFFAOYSA-N,1,8.698970004336019,1,0
SIGGFDISUSMMKN-UHFFFAOYSA-N,1,8.698970004336019,2,0
QKYBNRACKLQSIG-UHFFFAOYSA-N,1,8.698970004336019,2,0
JGHSBWAMLKSGST-UHFFFAOYSA-N,1,8.698970004336019,1,0
PIIAGRLGKMELJZ-UHFFFAOYSA-N,1,8.698970004336019,1,0
NGSCVSATAUBCPA-UHFFFAOYSA-N,1,8.659379381312206,2,0
OUGTWLPOXLOZSB-UHFFFAOYSA-N,1,,0,0
JRWYOUUHSXSYPM-UHFFFAOYSA-N,1,8.610924374808178,2,0
LMDQANTXMJXMOC-UHFFFAOYSA-N,1,,0,0
QNXMXQBKDPEQJB-UHFFFAOYSA-N,1,8.568636235841012,1,0
CVZDYMNIISAMCT-UHFFFAOYSA-N,1,8.557319389984244,2,0
XWKNIHACUXAXDU-UHFFFAOYSA-N,1,8.55284196865778,1,0
OLZKXMLLVOENDP-UHFFFAOYSA-N,1,,0,0
VTQVXDHQCOTSNO-UHFFFAOYSA-N,1,8.522878745280337,2,0
CRHNKCHJUAWGHN-JXMROGBWSA-N,1,8.522878745280337,1,0
ROYPFGQMSMXLRB-UHFFFAOYSA-N,1,8.522878745280337,1,0
XFAIPWMPBKSRHX-UHFFFAOYSA-N,1,8.522878745280337,1,0
UQZDNPLDDMGGJO-UHFFFAOYSA-N,1,,0,0
KLESCIILKXWVSI-UHFFFAOYSA-N,1,,0,0
NNORYSPOAZXKSD-UHFFFAOYSA-N,1,,0,0
HISJLSXOXJASNK-UHFFFAOYSA-N,1,8.508638306165727,1,0
VGNKDMGXJAFLHP-UHFFFAOYSA-N,1,8.494850021680094,1,0
DZTRHLLXMPGXQW-UHFFFAOYSA-N,1,,0,0
NGLFQHOZSPQMIO-UHFFFAOYSA-N,1,8.443028323846582,2,0
LPRGOUWFYMYHEJ-UHFFFAOYSA-N,1,8.443028323846582,2,0
VGUYFKPHZLTTGZ-UHFFFAOYSA-N,1,8.426935982160881,2,0
SHMOHYRZAVMWFR-UHFFFAOYSA-N,1,,0,0
RLSFSSXSLQYHKJ-UHFFFAOYSA-N,1,,0,0
WLFKWVOZFNSZLL-UHFFFAOYSA-N,1,,0,0
DAVFKHKXIXGDTA-UHFFFAOYSA-N,1,8.397940008672037,1,0
ICWVDOKYVQZMSY-UHFFFAOYSA-N,1,,0,0
AXEZILFCYZVDTH-UHFFFAOYSA-N,1,,0,0
UUIMYJNHPXLQCJ-UHFFFAOYSA-N,1,,0,0
ULRJAXRYLNKWEK-UHFFFAOYSA-N,1,,0,0
TWVXMOMAJLXIOI-UHFFFAOYSA-N,1,,0,0
ZCCPLJOKGAACRT-UHFFFAOYSA-N,1,,0,0
TVGUBMHUHTULAD-UHFFFAOYSA-N,1,,0,0
SZPIDKVNLJYYCY-UHFFFAOYSA-N,1,,0,0
YNWGCQBJZMOQPI-UHFFFAOYSA-N,1,,0,0
IUUAFBWSTYBDOA-UHFFFAOYSA-N,1,,0,0
MYUDFJRYDRZPQP-UHFFFAOYSA-N,1,,0,0
RLLOXIRPCGZAHM-UHFFFAOYSA-N,1,,0,0
RXCQKLVIKIJAJK-UHFFFAOYSA-N,1,8.280807946482643,2,0
PVBMOKHQFZYWAU-UHFFFAOYSA-N,1,,0,0
GTCBBBBOAIYQKN-UHFFFAOYSA-N,1,,0,0
CIMFCJFCERXAOY-UHFFFAOYSA-N,1,,0,0
ABVYZOVFOYTGAU-UHFFFAOYSA-N,1,8.2518119729938,1,0
IXAHGCSQQMXJED-UHFFFAOYSA-N,1,8.234260541478871,2,0
SMKHSRSPGAGESW-UHFFFAOYSA-N,1,8.221848749616356,2,0
HOLNDMDFKLWNIW-UHFFFAOYSA-N,1,8.221848749616356,2,0
MEXVTOYJNHFFDY-UHFFFAOYSA-N,1,8.221848749616356,1,0
DPGSBSKZDLWRDN-UHFFFAOYSA-N,1,8.221848749616356,1,0
GGSJJARIPTYWGC-UHFFFAOYSA-N,1,,0,0
AXMOLBLFTAUXGI-UHFFFAOYSA-N,1,,0,0
HRAQDVZJYIAWOV-UHFFFAOYSA-N,1,8.214670164989233,1,0
GBPADPRXTZXBBD-UHFFFAOYSA-N,1,,0,0
ULOUZKXADJAFCJ-UHFFFAOYSA-N,1,,0,0
DHPPBCAZAYICNH-UHFFFAOYSA-N,1,,0,0
HOQQCLUGZIOACX-UHFFFAOYSA-N,1,8.18837535480105,2,0
ZSJICZMNRMEJDA-UHFFFAOYSA-N,1,8.18837535480105,2,0
HUYPGJIKHOQUMM-UHFFFAOYSA-N,1,8.187086643357144,1,0
BMEXGPOTTUHAQD-UHFFFAOYSA-N,1,,0,0
JFEHBZBLMMENQT-UHFFFAOYSA-N,1,,0,0
BAJHOLKNLOUWAK-UHFFFAOYSA-N,1,,0,0
XLNLAGRVXCJPBA-UHFFFAOYSA-N,1,8.154901959985743,1,0
OTHUDHNKWWSIOS-UHFFFAOYSA-N,1,,0,0
HKYOVUOYHSMXQS-UHFFFAOYSA-N,1,8.096910013008056,1,0
VTABGZWRDJJDPV-UHFFFAOYSA-N,1,,0,0
XHXQQNMOHJNIJD-UHFFFAOYSA-N,1,8.096910013008056,1,0
JCRSYWXQXKKIAW-UHFFFAOYSA-N,1,8.096910013008056,1,0
LPAJOYDKNFPBIJ-UHFFFAOYSA-N,1,,0,0
NOUJJJOVSSPUGB-UHFFFAOYSA-N,1,,0,0
DCYUBWJTTVATCA-UHFFFAOYSA-N,1,,0,0
CBHSSHJIZBKJMQ-UHFFFAOYSA-N,1,,0,0
DELDTQNVQWISSR-UHFFFAOYSA-N,1,,0,0
GTXTVLCIXHWSIV-UHFFFAOYSA-N,1,8.090228032229065,2,0
FPQQMWRUQKWZCF-UHFFFAOYSA-N,1,8.065501548756432,2,0
KMIORFFZVMVTNL-UHFFFAOYSA-N,1,,0,0
YSRCIJVCLXAWIY-UHFFFAOYSA-N,1,,0,0
GETHIQUDYMXOSR-UHFFFAOYSA-N,1,,0,0
RQDMDMIVEPJOKQ-UHFFFAOYSA-N,1,8.045757490560675,1,0
SUIRPQHNXDKVBP-UHFFFAOYSA-N,1,8.045757490560675,1,0
IPTWJKSNCXVPQK-UHFFFAOYSA-N,1,8.045757490560675,1,0
UKGARQJWXPNPOQ-UHFFFAOYSA-N,1,,0,0
IQRZOMPLJJMCHC-UHFFFAOYSA-N,1,,0,0
MHUAIUOPEPBTBA-UHFFFAOYSA-N,1,,0,0
YDDAGXPEVKOIBY-UHFFFAOYSA-N,1,,0,0
WMHWSQSRVLCBCN-LJQANCHMSA-N,1,,0,0
HSUPQAOIIAJFBL-UHFFFAOYSA-N,1,,0,0
HCRJDLMZNQTQKC-UHFFFAOYSA-N,1,,0,0
FMHWXCNTRYPHIZ-UHFFFAOYSA-N,1,8.017728766960431,1,0
WZRZJIJWXNTMHY-UHFFFAOYSA-N,1,,0,0
WBULXKBWHYGHMK-UHFFFAOYSA-N,1,8.004386962153752,2,0
BLTLXYPXNRPQJN-UHFFFAOYSA-N,1,8.0,1,0
ODASQDXOQDGVNN-UHFFFAOYSA-N,1,8.0,1,0
WPUFSUFYEYOKFL-UHFFFAOYSA-N,1,8.0,1,0
ALNBEEWFQUYNMP-UHFFFAOYSA-N,1,8.0,1,0
OVFKEMNMAWPWAV-UHFFFAOYSA-N,1,8.0,1,0
PAHCKSHDDCJAPV-UHFFFAOYSA-N,1,,0,0
UCLVWBWUFFDDFF-UHFFFAOYSA-N,1,,0,0
LRIPHCYVFCUMPP-UHFFFAOYSA-N,1,,0,0
JNZILDSEJPWAQB-UHFFFAOYSA-N,1,,0,0
FTECHNJBVQKRNG-UHFFFAOYSA-N,1,7.981486060122112,2,0
XRTAVSIPSGJVGV-UHFFFAOYSA-N,1,7.979303657420887,2,0
UPZYJNDFFUPCMP-UHFFFAOYSA-N,1,,0,0
NLANQYVAMLVASG-UHFFFAOYSA-N,1,7.958607314841775,1,0
ILTYXJRTRCXGMV-UHFFFAOYSA-N,1,7.958607314841775,1,0
QRFRAKBWRNDXNA-UHFFFAOYSA-N,1,7.958607314841775,1,0
UBGWLXSKDOAQDZ-UHFFFAOYSA-N,1,,0,0
XFXBWEMTHDVUIY-UHFFFAOYSA-N,1,,0,0
MQQWXOHKWONINM-UHFFFAOYSA-N,1,,0,0
GQRXCEDYPSPQRL-UHFFFAOYSA-N,1,,0,0
WNXJRFBAPGDJPB-UHFFFAOYSA-N,1,8.221848749616356,1,0
KOIZRQXNKHUNGR-UHFFFAOYSA-N,1,7.920818753952375,1,0
QMZSSLLJQUFMHM-UHFFFAOYSA-N,1,7.920818753952375,1,0
HFVOEUOCDIYZFY-UHFFFAOYSA-N,1,7.920818753952375,1,0
AKBVREXEVPVWDD-UHFFFAOYSA-N,1,7.920818753952375,1,0
KMHPBJQCKOVVBL-UHFFFAOYSA-N,1,7.920818753952375,1,0
UYFNGEZEGDJGRS-UHFFFAOYSA-N,1,,0,0
QOETUANYKPWXAI-UHFFFAOYSA-N,1,,0,0
WRJOQYNCPVXGGP-UHFFFAOYSA-N,1,,0,0
MILCIPVHZGRZKJ-UHFFFAOYSA-N,1,,0,0
YUOGITYDNCIOEO-UHFFFAOYSA-N,1,7.916341332625912,2,0
TVSDBYTZFAQONZ-UHFFFAOYSA-N,1,7.895242492728684,2,0
XJFLMHKMZJEILW-UHFFFAOYSA-N,1,7.886056647693163,1,0
VJMXZZFAFYCUBI-UHFFFAOYSA-N,1,7.886056647693163,1,0
ZVDNSERVQXIYPJ-UHFFFAOYSA-N,1,7.886056647693163,1,0
FNIPHGHBWQSBBH-UHFFFAOYSA-N,1,,0,0
ALWPCDCARJTZHG-UHFFFAOYSA-N,1,,0,0
MVKDAFKALXUDKT-UHFFFAOYSA-N,1,,0,0
OJOZNLJWPOYUSO-UHFFFAOYSA-N,1,7.853871964321762,1,0
RHBTVSAJSUTJRD-UHFFFAOYSA-N,1,7.853871964321762,1,0
AKQPVKCVWMDGEW-UHFFFAOYSA-N,1,,0,0
ZIZNVIXVYYAVOC-UHFFFAOYSA-N,1,,0,0
KMKZRFJJTSKQSJ-UHFFFAOYSA-N,1,,0,0
CTCYFGZXOIZJMH-UHFFFAOYSA-N,1,,0,0
BTTIPGMFWRCWMD-UHFFFAOYSA-N,1,7.823908740944319,1,0
BWXAKTZKPBHCRM-UHFFFAOYSA-N,1,7.823908740944319,1,0
QTBRDMNOZGAPAG-UHFFFAOYSA-N,1,7.823908740944319,3,0
OMHVWLAJIHJHQO-UHFFFAOYSA-N,1,7.823908740944319,1,0
OAZDCTMDSUWDDQ-UHFFFAOYSA-N,1,,0,0
VXKIGLXUWBMSSF-UHFFFAOYSA-N,1,,0,0
OUDCQILLLADEQS-UHFFFAOYSA-N,1,,0,0
BFQNFJQWWXUWGB-UHFFFAOYSA-N,1,,0,0
BUEJIUWXQCAQJO-UHFFFAOYSA-N,1,7.813543998514946,2,0
BCMSTTNXNSZKPL-UHFFFAOYSA-N,1,,0,0
GPIUKGPEECRBNX-UHFFFAOYSA-N,1,7.638272163982407,1,0
ZQDSQIDDAXWHQJ-UHFFFAOYSA-N,1,7.795880017344075,1,0
MAFNFIKYPHIRFH-UHFFFAOYSA-N,1,7.795880017344075,1,0
QWZODTPVVFULBR-UHFFFAOYSA-N,1,7.795880017344075,1,0
ZRYYXKBNSUWNBG-UHFFFAOYSA-N,1,7.795880017344075,1,0
HFQAKFBCTZKMKE-UHFFFAOYSA-N,1,7.795880017344075,1,0
XJBJQQCHYUCQGQ-UHFFFAOYSA-N,1,,0,0
JVQBWEUUWDOXLT-UHFFFAOYSA-N,1,,0,0
WIJFXDQOPDGGOQ-UHFFFAOYSA-N,1,7.769551078621726,1,0
FMUOWTCJDBKUJN-UHFFFAOYSA-N,1,,0,0
BBZBQWFAPYWGBB-UHFFFAOYSA-N,1,,0,0
MPKPTRVJTRZSTE-UHFFFAOYSA-N,1,7.75713928675921,2,0
XTZUCMWDWNWYFV-UHFFFAOYSA-N,1,8.397940008672037,1,0
XRUGFRWMDURAFZ-UHFFFAOYSA-N,1,7.7447274948966935,1,0
RMQSXRNHCOORCY-UHFFFAOYSA-N,1,,0,0
ATESJOJGSWWETO-UHFFFAOYSA-N,1,7.736572006437063,2,0
RHSIRKLMZPOXPT-UHFFFAOYSA-N,1,7.6777807052660805,1,0
XAPVMFDRNUGWRP-UHFFFAOYSA-N,1,7.522878745280337,1,0
FCKLYWUQEVLIRI-UHFFFAOYSA-N,1,7.721246399047171,1,0
LPHSYLVECBOQQS-UHFFFAOYSA-N,1,7.71356419889976,2,0
FQIFULLUVUVEGR-UHFFFAOYSA-N,1,7.698970004336019,1,0
CIOGEGQPHGZHPB-UHFFFAOYSA-N,1,,0,0
HEVPXHKRZONDAX-UHFFFAOYSA-N,1,,0,0
BJESSHFYGZODNG-UHFFFAOYSA-N,1,,0,0
IYPOBXAUBPUBLO-UHFFFAOYSA-N,1,,0,0
RYXPPTOWXABFNA-UHFFFAOYSA-N,1,7.6777807052660805,1,0
NVUJDKDVOZVALT-UHFFFAOYSA-N,1,7.6777807052660805,1,0
XVMOOSRGRVWSLY-UHFFFAOYSA-N,1,7.376750709602099,1,0
CIBPNAWYMVRORE-UHFFFAOYSA-N,1,,0,0
FWGJWARIAZXNSS-UHFFFAOYSA-N,1,,0,0
MFRXAAVYDAGVMJ-UHFFFAOYSA-N,1,,0,0
XTDCUOWXCFGLBV-UHFFFAOYSA-N,1,,0,0
WIOWXPVRMRYZEL-UHFFFAOYSA-N,1,,0,0
DFAAZTGEFUDAJO-UHFFFAOYSA-N,1,7.292429823902063,1,0
JTRJQCPMULXBIC-UHFFFAOYSA-N,1,,0,0
XLVWQBLLHTWXIH-UHFFFAOYSA-N,1,,0,0
PHDZAZAGNFFBLT-UHFFFAOYSA-N,1,,0,0
RNLAXHUEWLFUBY-UHFFFAOYSA-N,1,,0,0
IJDYQKWQIBEHBO-UHFFFAOYSA-N,1,7.638272163982407,1,0
CGFOWCYAAJSOPE-UHFFFAOYSA-N,1,7.6259059864969,2,0
YJKHGJGDWHXZBG-UHFFFAOYSA-N,1,7.6020599913279625,1,0
VXTIWKKEIPKNMR-UHFFFAOYSA-N,1,7.619788758288394,1,0
DPUBIAZLOIDPEP-UHFFFAOYSA-N,1,7.619788758288394,1,0
RXBOSKCKGPDBKY-UHFFFAOYSA-N,1,7.619788758288394,1,0
BMWFXJOQYUAESO-UHFFFAOYSA-N,1,7.619788758288394,1,0
NWNLGPIKBJCOEL-UHFFFAOYSA-N,1,,0,0
COTQFOUJZXUUCG-NRFANRHFSA-N,1,7.6020599913279625,3,0
RDQWKQAOJWXZAZ-UHFFFAOYSA-N,1,,0,0
DIPVPFWFBPWNMR-UHFFFAOYSA-N,1,7.585026652029182,1,0
XCNTYRFFEJBEEZ-UHFFFAOYSA-N,1,,0,0
OBNJEGKQRUDUQM-UHFFFAOYSA-N,1,7.568636235841012,1,0
ZWPFNFMXJLRPQU-UHFFFAOYSA-N,1,,0,0
OJLASFAHNJPVLA-UHFFFAOYSA-N,1,7.552841968657781,3,0
NCJMWOVOUKBBEF-UHFFFAOYSA-N,1,7.552841968657781,1,0
LEAVZPPMJMEDAV-UHFFFAOYSA-N,1,7.552841968657781,1,0
VCVPLZYCGTZQPH-UHFFFAOYSA-N,1,7.537602002101044,1,0
NEGZXHWGOCEDFT-UHFFFAOYSA-N,1,,0,0
MEHWMDCKJBRCPC-UHFFFAOYSA-N,1,7.522878745280337,1,0
YCGOMZIVHHMKBQ-UHFFFAOYSA-N,1,7.522878745280337,1,0
KHIDEYHOVWAHBR-UHFFFAOYSA-N,1,7.522878745280337,1,0
ZWXIGUDEOUIULA-UHFFFAOYSA-N,1,7.522878745280337,1,0
QFPMRLIQHPZGIW-UHFFFAOYSA-N,1,,0,0
QQVCHWVVWPXQAB-UHFFFAOYSA-N,1,,0,0
UQJNIPXIEPKZOU-UHFFFAOYSA-N,1,,0,0
MHSUYDAYWNADJP-UHFFFAOYSA-N,1,,0,0
BPZFOVKEALLNAO-UHFFFAOYSA-N,1,,0,0
GQVLIBJWHNDFPR-UHFFFAOYSA-N,1,,0,0
LRLDORUZRMPXFL-UHFFFAOYSA-N,1,7.494850021680094,1,0
HQNCOEJAAYGEKK-UHFFFAOYSA-N,1,7.494850021680094,1,0
WUYMXUBFJNKBRW-UHFFFAOYSA-N,1,,0,0
GTAOGLKFEWOPTJ-UHFFFAOYSA-N,1,7.4935813876474135,2,0
MUKSRTNWEITUID-UHFFFAOYSA-N,1,7.487347067367615,2,0
NSBSEDBIIAWIEU-UHFFFAOYSA-N,1,,0,0
DBALZNPBWHMHOG-UHFFFAOYSA-N,1,7.481486060122112,1,0
DXJDBXBFXWUNBP-UHFFFAOYSA-N,1,7.479303657420887,2,0
VQHFOIQFTUFCRK-UHFFFAOYSA-N,1,7.468521082957745,1,0
FZWTUTSNVNMLPN-UHFFFAOYSA-N,1,7.468521082957745,1,0
SHLKRAJIHVATIE-UHFFFAOYSA-N,1,,0,0
KTJVFGFFGBYFSS-UHFFFAOYSA-N,1,,0,0
BHOBUXPHKZSABC-UHFFFAOYSA-N,1,,0,0
DXKNEJDCEJAZNA-UHFFFAOYSA-N,1,7.455931955649724,1,0
YVLCRJQXUAOMDM-UHFFFAOYSA-N,1,,0,0
PTMMQFPPPKXWPY-UHFFFAOYSA-N,1,,0,0
IXCKPZGMHUZWAH-UHFFFAOYSA-N,1,7.443697499232712,1,0
KNULJCSPCKMYTN-UHFFFAOYSA-N,1,7.823908740944319,1,0
QDBRGNOICKEIFC-UHFFFAOYSA-N,1,,0,0
GNPRRBLFZQIRCI-UHFFFAOYSA-N,1,7.439713034397075,2,0
NGGBGFKKADSXPM-UHFFFAOYSA-N,1,7.431798275933005,1,0
CEEQUJHKPMIHJH-UHFFFAOYSA-N,1,7.42021640338319,1,0
JWEGRDDRLYSKDL-UHFFFAOYSA-N,1,,0,0
YGUFIZYVQUFHKN-UHFFFAOYSA-N,1,7.4089353929735005,1,0
SIBAWLCRNLFUQK-UHFFFAOYSA-N,1,7.4089353929735005,1,0
OYUCOYCEJWDVQK-UHFFFAOYSA-N,1,7.4089353929735005,1,0
OCXBYYNZEUUCEO-UHFFFAOYSA-N,1,7.4089353929735005,1,0
BUNQINGTAZCYJO-UHFFFAOYSA-N,1,,0,0
DDSXQYZPRHWCRJ-UHFFFAOYSA-N,1,7.3979400086720375,1,0
PZKBKFUOXSPSOT-UHFFFAOYSA-N,1,7.3979400086720375,1,0
ZTYCZYQYLKKKQQ-UHFFFAOYSA-N,1,7.3979400086720375,1,0
GODHGFJPVLWMCD-UHFFFAOYSA-N,1,7.3872161432802645,1,0
ZTAJDWVTNCBVNS-UHFFFAOYSA-N,1,,0,0
SBXHEGPAXOPTOH-UHFFFAOYSA-N,1,7.34391132178011,2,0
IQGJUDFNHPTCGC-UHFFFAOYSA-N,1,,0,0
DHCNUSNZEUSTQC-UHFFFAOYSA-N,1,,0,0
WIJZEWRZMDDVJL-UHFFFAOYSA-N,1,7.327902142064282,1,0
KJTLQXZRANMVLM-UHFFFAOYSA-N,1,7.327902142064282,1,0
OWXPVKGFHSCKKN-UHFFFAOYSA-N,1,7.327902142064282,1,0
XWZRSIFXJKXRGO-UHFFFAOYSA-N,1,7.318758762624412,1,0
RQIVVIRLGLYLGN-UHFFFAOYSA-N,1,7.318758762624412,1,0
YJHJQXHMJDTXDU-UHFFFAOYSA-N,1,,0,0
SYRGPVPKQWDULB-UHFFFAOYSA-N,1,7.309803919971486,1,0
BCUKQYKXRHIXRD-UHFFFAOYSA-N,1,,0,0
BSKAWUIOJVBKRM-UHFFFAOYSA-N,1,7.303651523370167,2,0
OPPYXCWIDMCXMM-UHFFFAOYSA-N,1,7.301029995663981,3,0
GSPSPIYEHKAXTG-UHFFFAOYSA-N,1,7.301029995663981,1,0
NODFUSBIEUAVQP-UHFFFAOYSA-N,1,,0,0
LXXGACVLXZHDDN-UHFFFAOYSA-N,1,7.292429823902063,1,0
PUKHTXUSOFRCLY-UHFFFAOYSA-N,1,7.292429823902063,1,0
AADDTKRBTBKAOH-UHFFFAOYSA-N,1,7.292429823902063,1,0
DUSOQMDRYWOWPW-UHFFFAOYSA-N,1,7.286825713106246,2,0
GVCWPHPGQSAJDN-UHFFFAOYSA-N,1,,0,0
NXLAQFZWXQNOCF-UHFFFAOYSA-N,1,7.275724130399211,1,0
HXSWXRXBLJSSDO-UHFFFAOYSA-N,1,7.275724130399211,1,0
VDHRRGJZIXAUGT-UHFFFAOYSA-N,1,,0,0
AKNZNOUVMDGJGW-UHFFFAOYSA-N,1,7.259637310505756,1,0
FYZZFGYHRGTQFW-UHFFFAOYSA-N,1,7.259637310505756,1,0
QMQSPGPSUGTADW-UHFFFAOYSA-N,1,7.259637310505756,1,0
JXZCSTOZZDRLND-UHFFFAOYSA-N,1,,0,0
SZFLUDGFRFUFIF-UHFFFAOYSA-N,1,7.236572006437063,1,0
QGYVBIBXWFZNHR-UHFFFAOYSA-N,1,,0,0
VRLCSDDKAOHKFC-UHFFFAOYSA-N,1,,0,0
VHAKYDKKFHVGOY-UHFFFAOYSA-N,1,7.229147988357855,1,0
NUUGCYKZMHJWGB-UHFFFAOYSA-N,1,,0,0
RJTHOZRLXMDNHA-UHFFFAOYSA-N,1,7.221848749616356,1,0
QBKAATYCRQYMOC-UHFFFAOYSA-N,1,7.221848749616356,1,0
QYSJJGXAYRFXTJ-UHFFFAOYSA-N,1,,0,0
JROGONHUURMXMQ-UHFFFAOYSA-N,1,7.214670164989233,1,0
QNEITNWZOMGSRC-UHFFFAOYSA-N,1,7.214670164989233,1,0
KJMXCRFBUNSWBZ-UHFFFAOYSA-N,1,7.207608310501746,1,0
CTVCKLXTDJUUGD-UHFFFAOYSA-N,1,,0,0
DQJQOFFCCSGWRM-UHFFFAOYSA-N,1,7.200659450546418,1,0
DMXFJXOYVJXHHZ-UHFFFAOYSA-N,1,7.187086643357144,1,0
PKYCAZGMGWMHIV-UHFFFAOYSA-N,1,,0,0
YNJJNKJRNAZYAT-UHFFFAOYSA-N,1,,0,0
SRNNTPKXTMAMJQ-UHFFFAOYSA-N,1,,0,0
RRTSDHWLZVYCFW-INIZCTEOSA-N,1,,0,0
AHPITNKHMUCYLX-UHFFFAOYSA-N,1,7.180456064458131,1,0
BQZCMVMHOYRQFV-UHFFFAOYSA-N,1,,0,0
VRKBECQLEIUSJU-UHFFFAOYSA-N,1,,0,0
HGUILYYDVRAKMY-UHFFFAOYSA-N,1,,0,0
XSEGUYXQKSLRAT-UHFFFAOYSA-N,1,,0,0
KOAUQKJNSJNVIB-UHFFFAOYSA-N,1,7.167491087293763,1,0
PRZKVPSEKMHFIS-UHFFFAOYSA-N,1,7.167491087293763,1,0
CFQCWHCUFFJKDW-UHFFFAOYSA-N,1,7.167491087293763,1,0
FYZPOAFODMHPSO-UHFFFAOYSA-N,1,,0,0
RKZYYYGQGKDPRC-UHFFFAOYSA-N,1,,0,0
HSHWZKWKCGIOIO-UHFFFAOYSA-N,1,7.267606240177031,1,0
SLQTUMVIMBTKIA-UHFFFAOYSA-N,1,7.154901959985743,1,0
ZTKDFCKKQLEJNQ-UHFFFAOYSA-N,1,,0,0
YBZRLSPGCLVDLO-UHFFFAOYSA-N,1,,0,0
BZRRWJSGIPAOJN-UHFFFAOYSA-N,1,,0,0
YIKYZCBJLHVTIF-UHFFFAOYSA-N,1,,0,0
YTLFZEMWXNXCHP-UHFFFAOYSA-N,1,7.142667503568731,1,0
UJEAABFSXKCSGI-UHFFFAOYSA-N,1,7.136636395486714,4,0
BITOVZIDEAIQGL-UHFFFAOYSA-N,1,7.130768280269024,1,0
RRTSDHWLZVYCFW-MRXNPFEDSA-N,1,,0,0
BCQSGWNKFDAIOL-UHFFFAOYSA-N,1,7.119186407719209,1,0
VONRSHIJPODIKL-UHFFFAOYSA-N,1,,0,0
WYCXEKKLBAECDV-UHFFFAOYSA-N,1,7.102372908709558,1,0
FLXHAQHFIIRCBF-UHFFFAOYSA-N,1,,0,0
PVTIQVJHZDSETN-UHFFFAOYSA-N,1,7.0915149811213505,1,0
COTQFOUJZXUUCG-OAQYLSRUSA-N,1,7.0915149811213505,3,0
NDZZWAAUFMRWHJ-VIFPVBQESA-N,1,7.075720713938118,1,0
JXLLJAMIOWAHKZ-UHFFFAOYSA-N,1,,0,0
BHOBUXPHKZSABC-HXUWFJFHSA-N,1,,0,0
SLZJTFADTLJBQP-UHFFFAOYSA-N,1,,0,0
RLIOGLONFBOCIA-UHFFFAOYSA-N,1,7.055517327849831,1,0
XADACMQAYCPPAU-UHFFFAOYSA-N,1,7.045757490560675,1,0
TXRXZXXDVZMXQI-UHFFFAOYSA-N,1,,0,0
HNEOHYVDWRBYCX-UHFFFAOYSA-N,1,7.036212172654444,1,0
OTVKHNHBCUYOHI-UHFFFAOYSA-N,1,,0,0
LROMIOQSACMRDM-UHFFFAOYSA-N,1,7.026872146400302,1,0
AEUQDGBKRPRYKM-UHFFFAOYSA-N,1,7.022276394711152,1,0
DZBMZRDZHLMPON-UHFFFAOYSA-N,1,,0,0
JAHPSHXIFCRWAV-UHFFFAOYSA-N,1,,0,0
CUZUNVLTQYLNFQ-UHFFFAOYSA-N,1,7.017728766960431,1,0
OGJNEVVUAVJJLL-UHFFFAOYSA-N,1,7.017728766960431,1,0
XVAYTWRBNSFEAT-UHFFFAOYSA-N,1,7.013228265733755,1,0
RSPGODWWHKNLIZ-UHFFFAOYSA-N,1,7.012514002850965,2,0
GMSIJCYNWRTVKP-UHFFFAOYSA-N,1,7.00436480540245,1,0
MUHICHNUYXZQMZ-UHFFFAOYSA-N,1,7.00436480540245,1,0
IQQQMAUGJKASHW-UHFFFAOYSA-N,1,7.00436480540245,1,0
AXIXUINDTJQLOD-UHFFFAOYSA-N,1,7.0,1,0
IZZUKFBZHJDGAH-UHFFFAOYSA-N,1,7.0,1,0
XRGLTGDFWPFBQM-UHFFFAOYSA-N,1,7.0,1,0
CYOSOQNLLDMDAG-UHFFFAOYSA-N,1,7.0,1,0
ZSWOIVIXCCZNJP-UHFFFAOYSA-N,1,7.0,1,0
LAWDPDZBMWSSLX-UHFFFAOYSA-N,1,7.0,1,0
GKXXTSAQLLFRMV-UHFFFAOYSA-N,1,,0,0
JXSVFZOGHIRBMH-UHFFFAOYSA-N,1,,0,0
JDOZSBUCEZXJHN-UHFFFAOYSA-N,1,,0,0
CZHPZSKUFCDFCU-UHFFFAOYSA-N,1,,0,0
UYEHCTBWKPFTAW-UHFFFAOYSA-N,1,,0,0
UPRHRDVCISBLNY-UHFFFAOYSA-N,1,6.995678626217357,1,0
FAIXKYSRYKWWGK-UHFFFAOYSA-N,1,,0,0
YQQDINFODVIWMR-UHFFFAOYSA-N,1,,0,0
GYHHTVXLJHSGFJ-UHFFFAOYSA-N,1,6.958607314841775,1,0
PULJHNBYOLWKDA-UHFFFAOYSA-N,1,6.958607314841775,1,0
DJZYVEWBADVRAW-UHFFFAOYSA-N,1,6.958607314841775,1,0
UWUAEZTYVRHTAE-UHFFFAOYSA-N,1,6.958607314841775,1,0
IDYGCGYCHOUWQB-UHFFFAOYSA-N,1,6.958607314841775,2,0
IKHWXCNTLZSWJF-UHFFFAOYSA-N,1,,0,0
BFXOZSLOOXDUPK-UHFFFAOYSA-N,1,,0,0
DSIPXIRVDZIXGR-UHFFFAOYSA-N,1,,0,0
BWABONCEYZCPSJ-UHFFFAOYSA-N,1,6.94692155651658,1,0
SQWLNUWVUPGHCL-UHFFFAOYSA-N,1,,0,0
ZZCPRLFJMWBCSV-UHFFFAOYSA-N,1,6.924453038607469,1,0
OXYOAVSPJRYTSY-UHFFFAOYSA-N,1,6.924453038607469,1,0
JPVHQZNWQHSUQE-UHFFFAOYSA-N,1,6.920818753952375,1,0
ZNFKEOYKZWMUEZ-UHFFFAOYSA-N,1,6.920818753952375,1,0
XHMGFTJVRQWJHO-UHFFFAOYSA-N,1,6.920818753952375,1,0
NJGDCFHXTIVBSQ-LJQANCHMSA-N,1,,0,0
FTGUCSKPHPVCMJ-UHFFFAOYSA-N,1,,0,0
DNARJMCQHANYMK-UHFFFAOYSA-N,1,,0,0
HGWXLMRDZPZHIF-UHFFFAOYSA-N,1,6.91721462968355,1,0
ODPGNCNAGLSITO-UHFFFAOYSA-N,1,,0,0
DKACSJZPBDPRDC-UHFFFAOYSA-N,1,6.906578314837764,1,0
AWSWGFLZVRYNMI-UHFFFAOYSA-N,1,6.903089986991944,1,0
XILJDMHVCGVOES-UHFFFAOYSA-N,1,6.903089986991944,1,0
CHEATIQXHDZDGV-UHFFFAOYSA-N,1,,0,0
MQDMVBGUNSHZPN-UHFFFAOYSA-N,1,,0,0
IZHLUPKVNPPMFR-UHFFFAOYSA-N,1,,0,0
LWUCRQYELCMTGR-UHFFFAOYSA-N,1,6.892790030352131,1,0
ITRSXXVLXWPSCR-UHFFFAOYSA-N,1,6.886056647693163,1,0
AYKPMCNREUVKNQ-UHFFFAOYSA-N,1,,0,0
LPZMPSNKVIBUEE-UHFFFAOYSA-N,1,,0,0
FNFMYRSHPYAHHV-UHFFFAOYSA-N,1,6.8696662315049934,1,0
BHUCOKRFLNIIRI-UHFFFAOYSA-N,1,6.863279432843593,1,0
AZDQHTUSFFHYCU-UHFFFAOYSA-N,1,6.853871964321762,1,0
XRXZSGOXODFAMO-UHFFFAOYSA-N,1,6.853871964321762,1,0
JQKIHZZRPQRCIL-UHFFFAOYSA-N,1,,0,0
RWLJEWOYURWKLV-UHFFFAOYSA-N,1,6.838631997765026,1,0
LINFHMWTGYJLOX-UHFFFAOYSA-N,1,6.838631997765026,1,0
ALJMSYJYNXRBSK-UHFFFAOYSA-N,1,,0,0
WUYJTKVQECUKMU-UHFFFAOYSA-N,1,,0,0
VNIAFXBXTRDXMQ-UHFFFAOYSA-N,1,,0,0
DALUCQVQSXDILM-UHFFFAOYSA-N,1,,0,0
OFOJQWGBHSVXQC-UHFFFAOYSA-N,1,6.815308569182401,1,0
JBMJKLDKGMSAEW-UHFFFAOYSA-N,1,6.806875401645538,1,0
VDKRLMPMQRVURB-UHFFFAOYSA-N,1,,0,0
QZAWZZYVOJRGOB-UHFFFAOYSA-N,1,6.804100347590767,1,0
VVHLMAQLSWPCHG-UHFFFAOYSA-N,1,6.801342913045577,1,0
SVNXVLSQFKQHSG-UHFFFAOYSA-N,1,,0,0
MCVWJULZOZZYRL-UHFFFAOYSA-N,1,,0,0
RQZMRFSOADEDRW-UHFFFAOYSA-N,1,,0,0
CJZNKOIMXMXMTI-UHFFFAOYSA-N,1,6.790484985457369,1,0
DLPFHBFBUBWLBM-UHFFFAOYSA-N,1,6.784897950684125,2,0
PKTVBMJHJKUWKY-UHFFFAOYSA-N,1,,0,0
YLODXNZMRTUOCX-UHFFFAOYSA-N,1,6.774690718274137,1,0
QGAOFRPGAPZIHH-UHFFFAOYSA-N,1,,0,0
CVOOKMZXIFWORK-UHFFFAOYSA-N,1,,0,0
ZICOCMKZEGRURQ-UHFFFAOYSA-N,1,6.7594507517174005,1,0
CKIBNNYWZAXTRH-UHFFFAOYSA-N,1,7.3872161432802645,1,0
IDPZZOYWDBJFMQ-UHFFFAOYSA-N,1,6.750596696532316,2,0
KGOWKWHCNZUWNN-UHFFFAOYSA-N,1,6.747146969020107,1,0
MQCJMILDOYNHBF-UHFFFAOYSA-N,1,6.7447274948966935,1,0
QBWYZAHJEFWQPF-UHFFFAOYSA-N,1,6.7447274948966935,1,0
ZKGOKZNJBOOPRT-UHFFFAOYSA-N,1,,0,0
ZWSJMIXLKNUYHN-UHFFFAOYSA-N,1,,0,0
XGPFKIMMYZLFJE-UHFFFAOYSA-N,1,6.739928612014925,1,0
KJEZWGPCFJGYEN-UHFFFAOYSA-N,1,,0,0
PIJPVFQPQJPMBA-UHFFFAOYSA-N,1,,0,0
MXIDILPNRNAQBQ-UHFFFAOYSA-N,1,,0,0
DZQSFRXJJGQWBU-UHFFFAOYSA-N,1,6.718966632752272,1,0
LMLXNRYGWLSELC-UHFFFAOYSA-N,1,6.71669877129645,1,0
PWCLVFVMJUISEY-UHFFFAOYSA-N,1,6.714442690992226,1,0
SZITYMXJWRJBEU-UHFFFAOYSA-N,1,6.7121982700697735,1,0
QGCICRMMUPZJRA-UHFFFAOYSA-N,1,,0,0
ZERZCVLKYUFIRW-UHFFFAOYSA-N,1,6.701146923590294,1,0
PXHWOKWXJFVBQI-UHFFFAOYSA-N,1,,0,0
IQUTVVVWNVSYSB-UHFFFAOYSA-N,1,,0,0
QVTWHNBICUCVNZ-UHFFFAOYSA-N,1,,0,0
SXCZVZBSIYFIES-UHFFFAOYSA-N,1,6.6872923239227955,2,0
CYBBWKSWIOYLKW-UHFFFAOYSA-N,1,,0,0
SFIKGBKMOQHADS-UHFFFAOYSA-N,1,6.6777807052660805,1,0
QXNOTUKNWZNQSX-UHFFFAOYSA-N,1,6.6777807052660805,1,0
ZFHYZBLHLMXEBL-UHFFFAOYSA-N,1,,0,0
WBHLUVWKSZPJOW-UHFFFAOYSA-N,1,,0,0
JDXPCOUDPIDYBT-UHFFFAOYSA-N,1,,0,0
MBFRJCJPZMFFMU-UHFFFAOYSA-N,1,6.66354026615147,1,0
IJGWCBRJPINXQV-UHFFFAOYSA-N,1,6.661543506395395,1,0
ATBDTEAYMAGOCW-UHFFFAOYSA-N,1,6.6595558851598815,1,0
LDXYQWNHOVBYJK-UHFFFAOYSA-N,1,6.657577319177793,1,0
NHKDTKMZQNVCSK-UHFFFAOYSA-N,1,,0,0
AFYBAPPGUZIPDM-UHFFFAOYSA-N,1,,0,0
MBZKEYVPSVQGTM-UHFFFAOYSA-N,1,,0,0
DYEGEEMFKJLIAG-UHFFFAOYSA-N,1,6.640342644728942,2,0
BCURKFDHURYYGR-UHFFFAOYSA-N,1,6.638272163982407,1,0
ILAGHTMWCATYQN-UHFFFAOYSA-N,1,,0,0
FFLACNAXGFCCBT-UHFFFAOYSA-N,1,6.636388020107855,1,0
LVGQXLOFHAVOAQ-UHFFFAOYSA-N,1,6.635316347403609,2,0
CTONVBDPRFRMPC-UHFFFAOYSA-N,1,,0,0
HLLQDKNSAVHCAE-UHFFFAOYSA-N,1,6.627087997029893,1,0
PEXPKNONLMRNCB-UHFFFAOYSA-N,1,,0,0
AUSRQKFDMUEKHR-UHFFFAOYSA-N,1,6.6020599913279625,1,0
NKEFSVLJXCEEQY-UHFFFAOYSA-N,1,6.6020599913279625,1,0
RCNVLPYVUMMOKT-UHFFFAOYSA-N,1,6.6020599913279625,1,0
BTFSQDGQHMPZAH-UHFFFAOYSA-N,1,6.5934598195660445,1,0
YHSOKGLZUGZMOD-UHFFFAOYSA-N,1,6.590066876668706,1,0
WNWRTHGYPQYCMH-UHFFFAOYSA-N,1,,0,0
VAPVQZVTHURTBU-UHFFFAOYSA-N,1,6.585026652029182,1,0
CORXDZZRQNBTBN-UHFFFAOYSA-N,1,,0,0
UWUNYOLFEWOXPK-UHFFFAOYSA-N,1,,0,0
PURFCVBFLYONHX-UHFFFAOYSA-N,1,,0,0
SJIXOWCHTLSXTO-UHFFFAOYSA-N,1,,0,0
UVBXNVJUKVHGQV-UHFFFAOYSA-N,1,6.576831443935097,2,0
SLKPAKPHVBWASJ-UHFFFAOYSA-N,1,6.571865205971211,1,0
BKCQAKQXZWKPRF-UHFFFAOYSA-N,1,,0,0
KKLDFKDCGQCPEZ-UHFFFAOYSA-N,1,,0,0
ALJLGQQGERMMMV-UHFFFAOYSA-N,1,,0,0
XCYAUDKMHBMJSP-UHFFFAOYSA-N,1,6.5590225143301994,2,0
WGKNCBOCXQLHDO-UHFFFAOYSA-N,1,6.552841968657781,1,0
UACQNMPQQNWDHW-UHFFFAOYSA-N,1,,0,0
CMYITAKNBSCUGW-UHFFFAOYSA-N,1,,0,0
RHYQIXNCTOPIIA-UHFFFAOYSA-N,1,,0,0
RCVPUPWQGZXUEJ-UHFFFAOYSA-N,1,6.537602002101044,1,0
ZBFFRSOBUFXEKD-UHFFFAOYSA-N,1,6.530177984021837,1,0
PQRKPYLNZGDCFH-UHFFFAOYSA-N,1,,0,0
JCKWAMLBAVAUAV-UHFFFAOYSA-N,1,,0,0
VYFAQGQHDGPTQI-UHFFFAOYSA-N,1,,0,0
SSQGUNLQSXARJD-UHFFFAOYSA-N,1,,0,0
JGJAWQWWGRTAPM-UHFFFAOYSA-N,1,6.504455662453552,1,0
YRYCVYQUTHYAMW-UHFFFAOYSA-N,1,,0,0
KTXDDPZEJKRBQG-UHFFFAOYSA-N,1,,0,0
DWEAHHDJPAAPFY-UHFFFAOYSA-N,1,6.617982957425132,1,0
ADDGEJWTQLPRHJ-UHFFFAOYSA-N,1,6.496209316942819,1,0
UOWHAXONWVKJBJ-UHFFFAOYSA-N,1,,0,0
NJJGBNUYIOHKAB-UHFFFAOYSA-N,1,6.488116639021126,1,0
ADEUYAXXUHPWMD-UHFFFAOYSA-N,1,6.482804102050025,1,0
AAYLWJHTUQKURI-UHFFFAOYSA-N,1,,0,0
BYTIXRGZCSORTK-UHFFFAOYSA-N,1,6.468521082957745,1,0
HANVIVWUPUOVJA-UHFFFAOYSA-N,1,,0,0
RZPKBRSPYLDGMK-UHFFFAOYSA-N,1,6.465973893943865,1,0
SIYKZRZVXFQNFN-UHFFFAOYSA-N,1,,0,0
VXVXMSUTJUHXQD-UHFFFAOYSA-N,1,6.455931955649724,1,0
YPFPMMAEALELIY-UHFFFAOYSA-N,1,,0,0
YBINHOUXNKFPGW-UHFFFAOYSA-N,1,,0,0
WIASLCVAGCLOBE-UHFFFAOYSA-N,1,6.422508200162775,1,0
WYEULJJLHMNLKA-UHFFFAOYSA-N,1,,0,0
LTYKVUFYQBRYHV-UHFFFAOYSA-N,1,,0,0
IWDXBYQCZXUCBW-UHFFFAOYSA-N,1,6.4089353929735005,1,0
JSUIRJLRUPZRJL-UHFFFAOYSA-N,1,6.4089353929735005,1,0
PEQAVOGGCFURJQ-UHFFFAOYSA-N,1,,0,0
VJVXNAFSDHYZBV-UHFFFAOYSA-N,1,,0,0
RBWWUKNHEWKRGE-UHFFFAOYSA-N,1,6.39040559077478,1,0
LKHLISSSJLKIRH-UHFFFAOYSA-N,1,6.3872161432802645,1,0
MYIOLJAITUNEEU-UHFFFAOYSA-N,1,,0,0
DURSMDCRSLJCTD-UHFFFAOYSA-N,1,6.366531544420413,1,0
KNSIPACIJBKWPJ-UHFFFAOYSA-N,1,6.357535479757878,1,0
VLPCSVJCVLLLIL-UHFFFAOYSA-N,1,,0,0
HRSBVCJITWRGQF-UHFFFAOYSA-N,1,6.339134521996131,1,0
LQMNKCOKBBJKEL-UHFFFAOYSA-N,1,6.327902142064282,1,0
GKHYXEGARSHUEV-UHFFFAOYSA-N,1,,0,0
YXLBZGFGGWKRHW-UHFFFAOYSA-N,1,,0,0
SXXDFMNSYQJQAM-UHFFFAOYSA-N,1,,0,0
WUXVFDRDUKEWLP-UHFFFAOYSA-N,1,,0,0
ZMSGLYQOQFYEBI-UHFFFAOYSA-N,1,6.286500520621731,2,0
IIBGJRZFQSFBFQ-UHFFFAOYSA-N,1,6.280668713016274,1,0
HLMDZKBPECJZAW-UHFFFAOYSA-N,1,6.259637310505756,1,0
HRSJBLDLFPWRTI-UHFFFAOYSA-N,1,6.259637310505756,1,0
HLOGNBULKQGFPD-UHFFFAOYSA-N,1,,0,0
RVEDNFBVAKXYRX-UHFFFAOYSA-N,1,,0,0
HHNRSGMHLOUJIQ-UHFFFAOYSA-N,1,,0,0
HSJCJAUHHNFFMJ-UHFFFAOYSA-N,1,,0,0
PRDNSHYLILKQEH-UHFFFAOYSA-N,1,,0,0
MELJVOAVLZLNLL-UHFFFAOYSA-N,1,,0,0
PFTDBWKSVBQWLD-UHFFFAOYSA-N,1,,0,0
QWXMVJIXQUFDNT-UHFFFAOYSA-N,1,6.251811972993799,1,0
PDACCUWRIROUSQ-UHFFFAOYSA-N,1,6.2492375912986855,2,0
IEQOHAXMMMRHNL-UHFFFAOYSA-N,1,,0,0
PSOBORQSDNHBBG-UHFFFAOYSA-N,1,6.243439164162727,2,0
AHTHTZSSWIYCMO-UHFFFAOYSA-N,1,6.236572006437063,1,0
TZWBQCSHNHTYRV-UHFFFAOYSA-N,1,,0,0
UOBSJRCSGINYIK-UHFFFAOYSA-N,1,6.221848749616356,1,0
SQWUULLGKKTQIS-UHFFFAOYSA-N,1,,0,0
SNSYNTMEUZSUJK-UHFFFAOYSA-N,1,6.209011524911184,1,0
PTZIKDBJCFRPDZ-UHFFFAOYSA-N,1,,0,0
BHOBUXPHKZSABC-FQEVSTJZSA-N,1,,0,0
VEYLYUFAIWVHMJ-UHFFFAOYSA-N,1,,0,0
CYTAKBDZAJHZGV-UHFFFAOYSA-N,1,,0,0
WWBVCAKAKGRAPT-UHFFFAOYSA-N,1,,0,0
VNZOYLVCXSIPLE-UHFFFAOYSA-N,1,6.1830961606243395,1,0
AXJYGGLVVOCLNI-UHFFFAOYSA-N,1,6.180456064458131,1,0
TXAFTVWJSAFODA-UHFFFAOYSA-N,1,,0,0
BHSMUQNJVDRFKR-UHFFFAOYSA-N,1,,0,0
WFOFPVXMPTVOTJ-UHFFFAOYSA-N,1,,0,0
FCNRROILAPCDRL-UHFFFAOYSA-N,1,6.170696227168975,1,0
HBMLQKCIZBUCIU-UHFFFAOYSA-N,1,,0,0
PFEGOQVRJUBECN-UHFFFAOYSA-N,1,6.154901959985743,1,0
HZEFCPMPXSPQIF-UHFFFAOYSA-N,1,,0,0
QBLMECODYJQHHH-UHFFFAOYSA-N,1,,0,0
FCERPQDQSVNERQ-UHFFFAOYSA-N,1,,0,0
CROPIEGDJHLTST-UHFFFAOYSA-N,1,,0,0
RFPQSFCICWNNNL-UHFFFAOYSA-N,1,,0,0
PPAPDAGBWCPVAF-UHFFFAOYSA-N,1,,0,0
CTZLXTQEVUMJMU-UHFFFAOYSA-N,1,6.13608262304214,1,0
KGEGBYYBJVGGQI-UHFFFAOYSA-N,1,,0,0
BESDIJMOOGUNEC-UHFFFAOYSA-N,1,,0,0
WXYKOSAXCPQDGN-UHFFFAOYSA-N,1,6.126098402135538,1,0
WJJKHUYDDQZWEH-UHFFFAOYSA-N,1,6.1220530483708115,1,0
LFBACDLGCJVAMX-UHFFFAOYSA-N,1,6.119186407719209,1,0
QHWTUKKWKMORTI-UHFFFAOYSA-N,1,,0,0
SLWPPOJXOVDYRG-UHFFFAOYSA-N,1,6.110698297493689,1,0
AMBCBOPNWFNGRX-UHFFFAOYSA-N,1,6.107905397309519,1,0
QRBORTBSPFTFBT-UHFFFAOYSA-N,1,6.107905397309519,1,0
DIIHHZJGTKSBTH-UHFFFAOYSA-N,1,6.106238237942057,1,0
HFTPWWWEDCJNRU-UHFFFAOYSA-N,1,6.102372908709558,1,0
MICGRTLHXGYMDR-UHFFFAOYSA-N,1,6.086186147616283,1,0
WIDMBOPKLMRSFC-UHFFFAOYSA-N,1,6.081969663215119,1,0
RFEDIUPOYRAACU-UHFFFAOYSA-N,1,,0,0
DKUXIOHAIPEDEC-UHFFFAOYSA-N,1,,0,0
HDBOHAFZZFIARA-UHFFFAOYSA-N,1,6.053547734986926,1,0
SVTBUTPWEOUGGT-UHFFFAOYSA-N,1,6.043831569524636,1,0
GOWJXFXDCTYGBW-UHFFFAOYSA-N,1,6.0385789059335515,1,0
MAALNCIWVRSQCA-UHFFFAOYSA-N,1,,0,0
WAQGCAIWRVWZEO-UHFFFAOYSA-N,1,,0,0
ZDLJGSZDJWXELF-UHFFFAOYSA-N,1,,0,0
BOINOOJVPIKLSZ-UHFFFAOYSA-N,1,6.013676222949234,1,0
LIXWEHRBNXAJQM-UHFFFAOYSA-N,1,,0,0
XWMYAKWYAWAMPO-UHFFFAOYSA-N,1,,0,0
UTVXGMXIEZCHNS-UHFFFAOYSA-N,1,5.991825815993574,1,0
KHZYPVIQTUBFJE-UHFFFAOYSA-N,1,5.958607314841775,1,0
FESSLFCHRGAANQ-UHFFFAOYSA-N,1,,0,0
JOLGFTHCESKVEO-UHFFFAOYSA-N,1,,0,0
YBNHIXIOLBFOOE-UHFFFAOYSA-N,1,5.953504835665292,1,0
CACZFXNLHCSKAL-UHFFFAOYSA-N,1,,0,0
YYLZEIUVJBDDJF-UHFFFAOYSA-N,1,5.939302159646388,1,0
ONAJXVCYMGATIT-UHFFFAOYSA-N,1,5.935542010773082,1,0
VMDYSIORBHDRQP-UHFFFAOYSA-N,1,,0,0
JGRMUIIVSDKLCZ-UHFFFAOYSA-N,1,5.914352711703144,1,0
QGBKZJBVPXFYGH-UHFFFAOYSA-N,1,,0,0
PEDJHCMYIVIMPX-UHFFFAOYSA-N,1,5.883392256011751,1,0
RWXHNRBFFHRSLQ-UHFFFAOYSA-N,1,5.866461091629782,1,0
VAHVWEIUWRWGMO-UHFFFAOYSA-N,1,,0,0
HZJOQDIJBARWDQ-UHFFFAOYSA-N,1,5.85325198636936,1,0
KFNLQPPLNYTFSC-UHFFFAOYSA-N,1,5.821023052706831,1,0
RHPXWRYYGZAEAP-UHFFFAOYSA-N,1,,0,0
MKBVUBPZHVXUHQ-UHFFFAOYSA-N,1,,0,0
YUHHIMVJGVOQJM-UHFFFAOYSA-N,1,,0,0
JSOGDVANKKEGRE-UHFFFAOYSA-N,1,5.777283528852417,1,0
KMQBABMBEFDUTM-UHFFFAOYSA-N,1,5.771599641296995,1,0
NMXNGDRZMHTXDQ-UHFFFAOYSA-N,1,5.768275616671484,1,0
GOKOILBJPWVKQU-UHFFFAOYSA-N,1,,0,0
LELDXIXNROTYAC-UHFFFAOYSA-N,1,5.75448733218585,1,0
VQDGJZNIRTTYKE-UHFFFAOYSA-N,1,,0,0
XCOGDUQHGXZRBZ-UHFFFAOYSA-N,1,,0,0
LHQOEJHESJBERR-UHFFFAOYSA-N,1,5.71556926615548,1,0
USNMRCHOYBFQQS-OAHLLOKOSA-N,1,,0,0
NWSZMBDPBUPCIO-UHFFFAOYSA-N,1,,0,0
KZFYPQVFULYDPI-UHFFFAOYSA-N,1,,0,0
DWXRGOPEKBFEDL-UHFFFAOYSA-N,1,,0,0
OHMBEUUABMUSQV-UHFFFAOYSA-N,1,,0,0
GNHDSIPBZINXQG-UHFFFAOYSA-N,1,5.665144310382709,1,0
ZLESCZTUYINREP-GOSISDBHSA-N,1,5.662540738709344,1,0
JSKCBBJNQMKSTI-UHFFFAOYSA-N,1,5.648010544564368,1,0
FMHBOXDGWUJYGP-UHFFFAOYSA-N,1,5.63339028960757,1,0
HLTZCMCWHWUHJJ-UHFFFAOYSA-N,1,5.630784142589857,1,0
QKWLRODKIRAAQF-UHFFFAOYSA-N,1,5.619788758288394,1,0
AUMGRXRGVZVLTD-UHFFFAOYSA-N,1,,0,0
STTTWRHBLPZGHA-UHFFFAOYSA-N,1,5.617622696531886,1,0
LUBIGWIZKPNYAR-UHFFFAOYSA-N,1,5.610833915635467,1,0
ZEJRGJKYGUNDPO-UHFFFAOYSA-N,1,5.6020599913279625,1,0
XRRGXLPXVXJOOD-UHFFFAOYSA-N,1,,0,0
POOHHJFOXPYZBG-UHFFFAOYSA-N,1,,0,0
BKFXBZYLQGXCNC-UHFFFAOYSA-N,1,5.595850750790305,1,0
FNDFGNMCQOJEDG-UHFFFAOYSA-N,1,,0,0
ILZYZWRBEDSLMR-UHFFFAOYSA-N,1,,0,0
CTBMGYGHXFJGEB-UHFFFAOYSA-N,1,5.588717086982616,1,0
CBKLMRDZFFLXSZ-UHFFFAOYSA-N,1,,0,0
XNDFTRNFNLLUBC-UHFFFAOYSA-N,1,5.572351628813067,1,0
BATNUQRJIVXLQP-UHFFFAOYSA-N,1,,0,0
TZPVKYRYMPBIAR-UHFFFAOYSA-N,1,,0,0
QRPLDPMGPWGQNY-UHFFFAOYSA-N,1,5.54928912185308,1,0
BQOYGEFWXGYNCU-UHFFFAOYSA-N,1,,0,0
ASCUJQMVGSBUKG-UHFFFAOYSA-N,1,,0,0
JHJVFLOLUAWEGE-UHFFFAOYSA-N,1,,0,0
SRCWAZLLMRPCKV-UHFFFAOYSA-N,1,,0,0
VXKPHGDXQWIXKS-UHFFFAOYSA-N,1,,0,0
FQXAGAGVHFSQNC-UHFFFAOYSA-N,1,,0,0
NMJYCAZVENRMQN-UHFFFAOYSA-N,1,,0,0
YUPHLTIAZRSGKU-UHFFFAOYSA-N,1,5.412289034981089,1,0
UVZGQUPSLPXTCE-UHFFFAOYSA-N,1,,0,0
HDMMPHYKRJFCHA-UHFFFAOYSA-N,1,5.3979400086720375,1,0
WDBWESHSYASXHU-UHFFFAOYSA-N,1,5.3979400086720375,1,0
IEQKUTWVYAHKLS-UHFFFAOYSA-N,1,,0,0
FBMGHVBJNLZMPL-UHFFFAOYSA-N,1,,0,0
UBCCMDWWWBPHGT-UHFFFAOYSA-N,1,5.376750709602099,1,0
HZBKWRLKOSIYKI-UHFFFAOYSA-N,1,5.37202001017002,1,0
XHNVHKJYGLTCDQ-UHFFFAOYSA-N,1,5.358823453386886,1,0
LDBGXPILVWESEX-UHFFFAOYSA-N,1,5.350081281264581,1,0
UZKNQJBFOJXZAS-UHFFFAOYSA-N,1,,0,0
YGUNSISMZUVZGU-UHFFFAOYSA-N,1,5.337242168318426,1,0
JGFCNTHQBVGYLN-UHFFFAOYSA-N,1,,0,0
WNTTXHZYSIFTGA-UHFFFAOYSA-N,1,,0,0
LAYNIDVNMKRZNL-UHFFFAOYSA-N,1,,0,0
WTEUXABBNMOHMF-UHFFFAOYSA-N,1,,0,0
RZWTWXUTZXSMLZ-UHFFFAOYSA-N,1,5.29413628771608,1,0
JWUPYMWDGFQZOR-UHFFFAOYSA-N,1,,0,0
HSVQVZRHBHJQAH-UHFFFAOYSA-N,1,,0,0
FLTDSTBWKYBFSI-UHFFFAOYSA-N,1,,0,0
LJVIDRQEMOHZLB-UHFFFAOYSA-N,1,,0,0
NJGBDSGCWOKYIM-UHFFFAOYSA-N,1,,0,0
OQSREKGKYADMAN-UHFFFAOYSA-N,1,,0,0
GKRDSGDSMIVUKZ-UHFFFAOYSA-N,1,5.231361898752386,1,0
KVIOEAUYNRBING-UHFFFAOYSA-N,1,,0,0
FUIDQGZBUBUWMJ-UHFFFAOYSA-N,1,,0,0
FPOAPVSGDGLPOJ-UHFFFAOYSA-N,1,5.200659450546418,1,0
KFLRCBGJPSBTOG-UHFFFAOYSA-N,1,5.200108315343135,1,0
RCFIAUNRSNNZEN-UHFFFAOYSA-N,1,,0,0
OWUBZQNYYJEHEA-UHFFFAOYSA-N,1,5.1938200260161125,1,0
FOCNQDSZOCWDPV-UHFFFAOYSA-N,1,5.1855526214775125,1,0
KEPSLZQTCUYSFZ-UHFFFAOYSA-N,1,5.172953982995265,1,0
PEKDBFISGGSXDM-UHFFFAOYSA-N,1,,0,0
MGDLSFHPYZPDSM-UHFFFAOYSA-N,1,5.136677139879544,1,0
ATWRKBUXSXUGPN-UHFFFAOYSA-N,1,,0,0
XBIKGHUEZUZQDW-UHFFFAOYSA-N,1,,0,0
GFXZMOOBBBEVIL-UHFFFAOYSA-N,1,5.0828096914884355,1,0
ARPJLXJZGILMIN-UHFFFAOYSA-N,1,,0,0
DPSNXTLWYRQDPJ-UHFFFAOYSA-N,1,,0,0
FTKQRUKADZDJIM-UHFFFAOYSA-N,1,,0,0
NQVMBAMCJBAWKS-UHFFFAOYSA-N,1,,0,0
HEZALYJTWXTLDU-QWRGUYRKSA-N,1,5.039053804266169,1,0
ONMVTROUICUNPL-UHFFFAOYSA-N,1,,0,0
XOUHTFHLCHSXCX-UHFFFAOYSA-N,1,5.025856900097786,1,0
FNRATZPGWXUVAU-UHFFFAOYSA-N,1,5.0007389288869,1,0
HQZYPXRPDCWUAU-UHFFFAOYSA-N,1,4.973099191109744,1,0
HSLMFPUWULEOJG-UHFFFAOYSA-N,1,,0,0
PEFRKXQQHSSKCJ-UHFFFAOYSA-N,1,,0,0
DZHVRSUZJWSLFJ-UHFFFAOYSA-N,1,,0,0
SFZIHPWYOVXAKU-UHFFFAOYSA-N,1,,0,0
SUBFQBLISWRLGM-UHFFFAOYSA-N,1,,0,0
VJYMDTMHJYNRJZ-UHFFFAOYSA-N,1,4.900043265758817,1,0
GEQZFSCFWGCHOX-UHFFFAOYSA-N,1,4.886056647693163,1,0
IDYLWVPCBZDRCM-UHFFFAOYSA-N,1,,0,0
PPDVABZZSKOUIL-UHFFFAOYSA-N,1,,0,0
USNMRCHOYBFQQS-HNNXBMFYSA-N,1,,0,0
OLFQIHGVKPQPCF-UHFFFAOYSA-N,1,4.812479279163537,1,0
QMVNSALEQFSIPB-UHFFFAOYSA-N,1,,0,0
WXFQEONJOQLPLU-UHFFFAOYSA-N,1,4.738523011378626,1,0
NBYRRIBSADQBDZ-UHFFFAOYSA-N,1,,0,0
MMWBTONCCQKTQS-UHFFFAOYSA-N,1,,0,0
LUNTUWSUYAYIBG-UHFFFAOYSA-N,1,,0,0
BSHDMLFQVXKHGJ-UHFFFAOYSA-N,1,4.688246138944246,1,0
FCAOGGRCLJBQPX-UHFFFAOYSA-N,1,,0,0
ZDQNRLZNTMVGBK-KRWDZBQOSA-N,1,,0,0
OXUYRAKLTYMDJV-UHFFFAOYSA-N,1,,0,0
QUTLIWUOJFORRY-SFHVURJKSA-N,1,,0,0
QIDAHAVIHYEHNE-UHFFFAOYSA-N,1,,0,0
ZMNCGKQJUYNKMG-UHFFFAOYSA-N,1,4.613590221118087,1,0
WHAPXZAHAJLDEH-UHFFFAOYSA-N,1,,0,0
CFWQXTVCNNNZGH-UHFFFAOYSA-N,1,,0,0
FTWMLRVXSUEQRW-UHFFFAOYSA-N,1,,0,0
IPTFUXGYSQXHTE-UHFFFAOYSA-N,1,,0,0
OFUNGNJXXCWYAK-KRWDZBQOSA-N,1,,0,0
SQFSVBKSNIQBBG-UHFFFAOYSA-N,1,,0,0
QOPKUNUDJDVDAT-KRWDZBQOSA-N,1,,0,0
IXQGZVLKXDUJBZ-UHFFFAOYSA-N,1,,0,0
CMTUPTPLFHCJIN-UHFFFAOYSA-N,1,,0,0
OSVGDMIRMUCMFA-UHFFFAOYSA-N,1,,0,0
BDBXGPJAVGFJSW-LWKPJOBUSA-N,1,,0,0
DHDJNNHNXWAWLB-RDJZCZTQSA-N,1,,0,0
KNLKEBVKBQYBLI-UHFFFAOYSA-N,1,,0,0
YZHQOFMKIVGTRP-SFHVURJKSA-N,1,,0,0
HAGVWKAVARLRET-IBGZPJMESA-N,1,,0,0
DKGNKHDWCRDQSE-UHFFFAOYSA-N,1,,0,0
VJPKIESXSVKSMF-KRWDZBQOSA-N,1,,0,0
OQJLQOMBLZXXMG-UHFFFAOYSA-N,1,,0,0
SSAOWRVGWUAING-UHFFFAOYSA-N,1,,0,0
QSIWJLXYYABZQA-UHFFFAOYSA-N,1,,0,0
BHZGNSVFZHWODH-KRWDZBQOSA-N,1,,0,0
JTDXQKMBQXDPBT-KRWDZBQOSA-N,1,,0,0
ADVAKZKECLPQAL-UHFFFAOYSA-N,1,,0,0
WTBOAAQDYGZIDY-UHFFFAOYSA-N,1,,0,0
CDHKIZKYEMZUDX-KRWDZBQOSA-N,1,,0,0
HWGZLYILQHNFNE-UHFFFAOYSA-N,1,,0,0
FVCCCLJIEZKIRH-INIZCTEOSA-N,1,,0,0
QNUDDUJKEADCAU-UHFFFAOYSA-N,1,,0,0
DCEDEPBBCBNGEX-INIZCTEOSA-N,1,,0,0
LJQRHSWVZIQKSQ-UHFFFAOYSA-N,1,4.42309454867676,1,0
FIZCCWBKEBQQRZ-UHFFFAOYSA-N,1,,0,0
YDHBXEHQNZJOAD-KRWDZBQOSA-N,1,,0,0
TYWRNMFRUMXPGG-UHFFFAOYSA-N,1,,0,0
WDFCGEVXWFPWRD-UHFFFAOYSA-N,1,,0,0
XUOGOSUVCSSMDP-UHFFFAOYSA-N,1,,0,0
KNOWTUGIWCELJY-UHFFFAOYSA-N,1,4.293282217663242,1,0
PHZDRQUKVAZUCA-UHFFFAOYSA-N,1,4.167491087293763,1,0
