inchikey,SMILES,pAct,n_records,sd,year_min,year_max,year_median,types,assay_types,n_documents
HYWPCURCNVJWBD-UHFFFAOYSA-N,CCNc1ccc(C(=O)Nc2ncc(Cc3cccc(C(F)(F)F)c3)s2)cc1OCCO,10.397940008672037,1,0.0,2009,2009,2009,IC50,B,1
KDRGWBDOBCLUSE-UHFFFAOYSA-N,COc1ccc(-c2nc3ccc(NCc4ccc(Cl)c(C(F)(F)F)c4)cc3n(CCNC(C)=O)c2=O)cc1,10.301029995663981,3,0.0,2009,2022,2009,IC50,B,3
LFQBDZIKMOOKIP-UHFFFAOYSA-N,FC(F)(F)c1cccc2c1CCC1(CCN(c3ccc(-c4nnc(Cc5cccnc5)o4)nn3)CC1)O2,10.221848749616356,5,0.7364020552828304,2010,2010,2010,IC50,B,2
OVDUYMDKXHUHFR-UHFFFAOYSA-N,Clc1cccc2c1CCC1(CCN(c3ccc(-c4nnc(Cc5cccnc5)o4)nn3)CC1)O2,9.610924374808178,2,0.8639775364380294,2010,2010,2010,IC50,B,1
DDXUZSUWYQGZES-UHFFFAOYSA-N,COc1ccc(C(=O)Nc2ncc(Cc3cc(C(F)(F)F)cc(C(F)(F)F)c3)s2)cc1OCCO,9.522878745280337,3,1.172961733078277,2009,2009,2009,IC50,B,2
UWTDRYIQCPGWSN-UHFFFAOYSA-N,Fc1ccc(F)c2c1CCC1(CCN(c3ccc(-c4nnc(Cc5cccnc5)o4)nn3)CC1)O2,9.5,2,0.7071067811865476,2010,2010,2010,IC50,B,1
QNOWPIAIUWJQEZ-UHFFFAOYSA-N,Cc1cccc2c1CCC1(CCN(c3ccc(-c4nnc(Cc5cccnc5)o4)nn3)CC1)O2,9.426935982160881,2,0.3847142035869832,2010,2010,2010,IC50,B,1
ABRPDNMHYXMRIE-UHFFFAOYSA-N,O=C(NCC(O)c1ccccc1)c1ccc(N2CCC3(CCc4ccccc4O3)CC2)nn1,9.368063661567387,2,1.1305611075952506,2010,2010,2010,IC50,B,1
ANTRYADYILUHOS-UHFFFAOYSA-N,Fc1cccc2c1CCC1(CCN(c3ccc(-c4nnc(Cc5cccnc5)o4)nn3)CC1)O2,9.33889035263304,2,0.2601988802010339,2010,2010,2010,IC50,B,1
YFHCFMDYCXILIY-UHFFFAOYSA-N,O=C(CO)NCCN1C(=O)COc2ccc(NCc3ccc(Cl)c(Cl)c3)cc21,9.301029995663981,1,0.0,2009,2009,2009,IC50,B,1
YLQRMKQJUAYGBI-UHFFFAOYSA-N,OCc1ccc(-c2ccc(N3CCC(N4CCc5ccc(F)cc54)CC3)nn2)cn1,9.301029995663981,1,0.0,2014,2014,2014,IC50,B,1
ZZAPJOCTVLDGNQ-UHFFFAOYSA-N,COCCOc1ccc(C(=O)Nc2ncc(Cc3cccc(C(F)(F)F)c3)s2)cc1OCCO,9.221848749616356,1,0.0,2009,2009,2009,IC50,B,1
AEDMQUAPBVOJNN-UHFFFAOYSA-N,OCc1nc(-c2cnc(N3CCC(Oc4ccccc4C(F)(F)F)CC3)s2)no1,9.0,1,0.0,2010,2010,2010,IC50,B,1
IQHQDZNRKGZLGK-UHFFFAOYSA-N,O=C(O)Cn1nnc(-c2cc(N3CCC4(CCc5c(OC(F)(F)F)cccc5O4)CC3)no2)n1,9.0,1,0.0,2015,2015,2015,IC50,B,1
DNCKPUTVTXBQDJ-UHFFFAOYSA-N,O=C(O)Cn1nnc(-c2nnc(N3CCC4(CCc5c(OC(F)(F)F)cccc5O4)CC3)s2)n1,9.0,1,0.0,2015,2015,2015,IC50,B,1
CEIMCKXVCRNXID-UHFFFAOYSA-N,O=C(O)Cn1nnc(-c2cnc(N3CCC4(CCc5c(OC(F)(F)F)cccc5O4)CC3)s2)n1,9.0,1,0.0,2015,2015,2015,IC50,B,1
SIMRYXWGLGGGQG-UHFFFAOYSA-N,O=C(O)Cn1nnc(-c2cc(N3CCC4(CCc5c(Br)cccc5O4)CC3)no2)n1,9.0,1,0.0,2015,2015,2015,IC50,B,1
VWCJLKMHBIRFIC-UHFFFAOYSA-N,O=C(O)Cn1nnc(-c2cnc(N3CCC4(CCc5c(Br)cccc5O4)CC3)s2)n1,9.0,1,0.0,2015,2015,2015,IC50,B,1
ZGNDLGFUYNRRBQ-UHFFFAOYSA-N,Cc1cccc2c1CCC1(CCN(c3ncc(-c4nnn(CC(=O)O)n4)s3)CC1)O2,9.0,1,0.0,2015,2015,2015,IC50,B,1
ZLJXCGINXMZSHV-UHFFFAOYSA-N,O=C(O)Cn1nnc(-c2nnc(N3CCC4(CCc5c(cccc5C(F)(F)F)O4)CC3)s2)n1,9.0,1,0.0,2015,2015,2015,IC50,B,1
PRAPXBVFYBPXQO-UHFFFAOYSA-N,O=C(O)Cn1nnc(-c2cnc(N3CCC4(CCc5c(cccc5C(F)(F)F)O4)CC3)s2)n1,9.0,1,0.0,2015,2015,2015,IC50,B,1
WLOLMYNNISZAOR-UHFFFAOYSA-N,O=C(NCC(O)c1cccnc1)c1ccc(N2CCC3(CCc4c(cccc4C(F)(F)F)O3)CC2)nn1,8.934833115752497,2,0.5825914578005982,2010,2010,2010,IC50,B,1
ZOEWLHQWLATJPA-UHFFFAOYSA-N,OCc1nsc(-c2ccc(N3CCC(c4ccc(C(F)(F)F)cc4)(C(F)(F)F)CC3)nn2)n1,8.920818753952375,1,0.0,2017,2017,2017,IC50,B,1
LNGYRMQFDYVKMZ-UHFFFAOYSA-N,O=C(NCC(O)c1cccnc1)c1ccc(N2CCC3(CCc4c(Cl)cccc4O3)CC2)nn1,8.84948500216801,2,0.21286035127455813,2010,2010,2010,IC50,B,1
PHJZFBFLKLOXTJ-UHFFFAOYSA-N,CCOc1ccc(C(=O)Nc2ncc(Cc3cccc(C(F)(F)F)c3)s2)cc1OCCO,8.698970004336019,1,0.0,2009,2009,2009,IC50,B,1
SIGGFDISUSMMKN-UHFFFAOYSA-N,FC(F)(F)c1cccc2c1CCC1(CCN(c3ccc(-c4nc(Cc5cccnc5)n[nH]4)nn3)CC1)O2,8.698970004336019,2,0.42572070254911626,2010,2010,2010,IC50,B,1
QKYBNRACKLQSIG-UHFFFAOYSA-N,c1cncc(Cc2nnc(-c3ccc(N4CCC5(CCc6ccccc6O5)CC4)nn3)o2)c1,8.698970004336019,2,0.42572070254911626,2010,2010,2010,IC50,B,1
JGHSBWAMLKSGST-UHFFFAOYSA-N,Cc1ccc(-c2ccc(N3CCC(N4CCc5ccc(F)cc54)CC3)nn2)cn1,8.698970004336019,1,0.0,2014,2014,2014,IC50,B,1
PIIAGRLGKMELJZ-UHFFFAOYSA-N,Cc1csc(-c2ccc(N3CCC(N4CCc5ccc(F)cc54)CC3)nn2)n1,8.698970004336019,1,0.0,2014,2014,2014,IC50,B,1
NGSCVSATAUBCPA-UHFFFAOYSA-N,COc1ccc(C(=O)Nc2ncc(Cc3ccc(F)c(C(F)(F)F)c3)s2)cc1OCCO,8.659379381312206,2,0.7954518090751563,2009,2009,2009,IC50,B,1
OUGTWLPOXLOZSB-UHFFFAOYSA-N,OCc1noc(-c2ccc(N3CCC(c4ccc(C(F)(F)F)cc4)(C(F)(F)F)CC3)nn2)n1,8.638272163982407,1,0.0,2017,2017,2017,IC50,B,1
JRWYOUUHSXSYPM-UHFFFAOYSA-N,Cc1cccc2c1CCC1(CCN(c3ccc(C(=O)NCC(O)c4cccnc4)nn3)CC1)O2,8.610924374808178,2,0.5502360259350656,2010,2010,2010,IC50,B,1
LMDQANTXMJXMOC-UHFFFAOYSA-N,OCc1nnc(-c2ccc(N3CCC(c4ccc(C(F)(F)F)cc4)(C(F)(F)F)CC3)nn2)s1,8.602059991327963,1,0.0,2017,2017,2017,IC50,B,1
QNXMXQBKDPEQJB-UHFFFAOYSA-N,O=C(CO)NCCn1c(=O)c(C(F)(F)F)nc2ccc(NCc3cccc(C(F)(F)F)c3)cc21,8.568636235841012,1,0.0,2009,2009,2009,IC50,B,1
CVZDYMNIISAMCT-UHFFFAOYSA-N,O=C(NCC(O)c1ccccc1)c1ccc(N2CCC3(CC2)CC(O)c2ccccc2O3)nn1,8.557319389984244,2,1.0768378877125877,2010,2010,2010,IC50,B,1
XWKNIHACUXAXDU-UHFFFAOYSA-N,COc1ccc(-c2nc3ccc(NCc4cccc(C(F)(F)F)c4)nc3n(CCC(N)=O)c2=O)cc1,8.55284196865778,1,0.0,2009,2009,2009,IC50,B,1
OLZKXMLLVOENDP-UHFFFAOYSA-N,O=C(Nc1ncc(CO)s1)c1ccc(CNc2ccccc2C(F)(F)F)cc1,8.55284196865778,1,0.0,2018,2018,2018,IC50,B,1
VTQVXDHQCOTSNO-UHFFFAOYSA-N,COc1ccc(C(=O)Nc2ncc(Cc3cccc(C(F)(F)F)c3)s2)cc1OCCO,8.522878745280337,2,0.0,2009,2009,2009,IC50,B,2
CRHNKCHJUAWGHN-JXMROGBWSA-N,COc1ccc(/C=C/C(=O)Nc2ncc(Cc3cccc(C(F)(F)F)c3)s2)cc1,8.522878745280337,1,0.0,2009,2009,2009,IC50,B,1
ROYPFGQMSMXLRB-UHFFFAOYSA-N,O=C(Nc1ccc(Cl)cc1)c1ccc(N2CCN(C(=O)c3ccccc3C(F)(F)F)CC2)nn1,8.522878745280337,1,0.0,2013,2013,2013,IC50,B,1
XFAIPWMPBKSRHX-UHFFFAOYSA-N,OCc1cn(-c2ccc(N3CCC(N4CCc5ccc(F)cc54)CC3)nn2)cn1,8.522878745280337,1,0.0,2014,2014,2014,IC50,B,1
UQZDNPLDDMGGJO-UHFFFAOYSA-N,O=C(O)Cn1ccn(-c2cnc(N3CCC4(CCc5c(Cl)cccc5O4)CC3)s2)c1=O,8.522878745280337,1,0.0,2015,2015,2015,IC50,B,1
KLESCIILKXWVSI-UHFFFAOYSA-N,CCCCCCc1ccccc1NCc1ccc(C(=O)Nc2nc(CC(=O)O)cs2)cc1,8.522878745280337,1,0.0,2018,2018,2018,IC50,B,1
NNORYSPOAZXKSD-UHFFFAOYSA-N,CCCCc1ccccc1NCc1ccc(C(=O)Nc2nc(CCO)cs2)cc1,8.522878745280337,1,0.0,2018,2018,2018,IC50,B,1
HISJLSXOXJASNK-UHFFFAOYSA-N,COc1ccc(-c2nc3ccc(NCc4ccc(F)c(C)c4)cc3n(CCNC(C)=O)c2=O)cc1,8.508638306165727,1,0.0,2009,2009,2009,IC50,B,1
VGNKDMGXJAFLHP-UHFFFAOYSA-N,CCc1ccc(-c2nc3ccc(NCc4cccc(C(F)(F)F)c4)cc3n(CCNC(C)=O)c2=O)cc1,8.494850021680094,1,0.0,2009,2009,2009,IC50,B,1
DZTRHLLXMPGXQW-UHFFFAOYSA-N,CCCCc1ccccc1NCc1ccc(C(=O)Nc2nc(CO)cs2)cc1,8.494850021680094,1,0.0,2018,2018,2018,IC50,B,1
NGLFQHOZSPQMIO-UHFFFAOYSA-N,COc1ccc(C(=O)Nc2ncc(Cc3cc(Cl)cc(Cl)c3)s2)cc1OCCO,8.443028323846582,2,0.7876768982738398,2009,2009,2009,IC50,B,1
LPRGOUWFYMYHEJ-UHFFFAOYSA-N,COc1ccc(C(=O)Nc2ncc(Cc3ccc(Cl)c(Cl)c3)s2)cc1OCCO,8.443028323846582,2,0.7876768982738398,2009,2009,2009,IC50,B,1
VGUYFKPHZLTTGZ-UHFFFAOYSA-N,O=C(NCC(O)c1cccnc1)c1ccc(N2CCC3(CCc4c(F)ccc(F)c4O3)CC2)nn1,8.426935982160881,2,0.3847142035869832,2010,2010,2010,IC50,B,1
SHMOHYRZAVMWFR-UHFFFAOYSA-N,O=C(Nc1ncc(CCO)s1)c1ccc(CNc2ccccc2C(F)(F)F)cc1,8.42021640338319,1,0.0,2018,2018,2018,IC50,B,1
RLSFSSXSLQYHKJ-UHFFFAOYSA-N,O=C(Nc1nc(CO)cs1)c1ccc(CNc2ccccc2C(F)(F)F)cc1,8.42021640338319,1,0.0,2018,2018,2018,IC50,B,1
WLFKWVOZFNSZLL-UHFFFAOYSA-N,O=C(Nc1nc(CCO)cs1)c1ccc(CNc2ccccc2C(F)(F)F)s1,8.4089353929735,1,0.0,2018,2018,2018,IC50,B,1
DAVFKHKXIXGDTA-UHFFFAOYSA-N,CCN(CC)c1ccc(C(=O)Nc2ncc(Cc3cccc(C(F)(F)F)c3)s2)cc1OCCO,8.397940008672037,1,0.0,2009,2009,2009,IC50,B,1
ICWVDOKYVQZMSY-UHFFFAOYSA-N,Cc1csc(NC(=O)c2ccc(CNc3ccccc3C(F)(F)F)cc2)n1,8.387216143280265,1,0.0,2018,2018,2018,IC50,B,1
AXEZILFCYZVDTH-UHFFFAOYSA-N,O=C(Nc1nc(CCO)cs1)c1ccc(CNc2ccccc2C(F)(F)F)cc1,8.3767507096021,1,0.0,2018,2018,2018,IC50,B,1
UUIMYJNHPXLQCJ-UHFFFAOYSA-N,O=C(Nc1nc(CO)cs1)c1ccc(CNc2ccccc2Cl)cc1,8.366531544420413,1,0.0,2018,2018,2018,IC50,B,1
ULRJAXRYLNKWEK-UHFFFAOYSA-N,CCCCCCCCc1ccccc1NCc1ccc(C(=O)Nc2nc(CC(=O)O)cs2)cc1,8.346787486224656,1,0.0,2018,2018,2018,IC50,B,1
TWVXMOMAJLXIOI-UHFFFAOYSA-N,CCCCCCc1ccccc1NCc1ccc(C(=O)Nc2nc(CCO)cs2)s1,8.346787486224656,1,0.0,2018,2018,2018,IC50,B,1
ZCCPLJOKGAACRT-UHFFFAOYSA-N,Cc1ccc(C(=O)Nc2cccc(C(F)(F)F)c2)cc1Nc1nc(-c2cccnc2)nc2c1cnn2C,8.332920794535783,1,0.0,2018,2018,2018,Kd,B,1
TVGUBMHUHTULAD-UHFFFAOYSA-N,OCc1nnc(-c2ccc(N3CCC(c4ccc(C(F)(F)F)cc4)(C(F)(F)F)CC3)nn2)o1,8.327902142064282,1,0.0,2017,2017,2017,IC50,B,1
SZPIDKVNLJYYCY-UHFFFAOYSA-N,CC(C)CCc1ccccc1NCc1ccc(C(=O)Nc2nc(CC(=O)O)cs2)cc1,8.318758762624412,1,0.0,2018,2018,2018,IC50,B,1
YNWGCQBJZMOQPI-UHFFFAOYSA-N,CCCCCCc1ccccc1NCc1ccc(C(=O)Nc2nc(CC(=O)O)cs2)s1,8.318758762624412,1,0.0,2018,2018,2018,IC50,B,1
IUUAFBWSTYBDOA-UHFFFAOYSA-N,O=C(O)Cc1csc(NC(=O)c2ccc(CNc3ccccc3C(F)(F)F)cc2)n1,8.292429823902063,1,0.0,2018,2018,2018,IC50,B,1
MYUDFJRYDRZPQP-UHFFFAOYSA-N,O=C(Nc1nc(CO)cs1)c1ccc(CNc2ccccc2C(F)(F)F)s1,8.292429823902063,1,0.0,2018,2018,2018,IC50,B,1
RLLOXIRPCGZAHM-UHFFFAOYSA-N,O=C(Nc1nc(CCCO)cs1)c1ccc(CNc2ccccc2C(F)(F)F)cc1,8.2839966563652,1,0.0,2018,2018,2018,IC50,B,1
RXCQKLVIKIJAJK-UHFFFAOYSA-N,O=C(NCC(O)c1ccccc1)c1ccc(N2CCC3(CC2)Oc2ccccc2CC3O)nn1,8.280807946482643,2,1.3732070634109619,2010,2010,2010,IC50,B,1
PVBMOKHQFZYWAU-UHFFFAOYSA-N,CC(C)CCc1ccccc1NCc1ccc(C(=O)Nc2nc(CCO)cs2)cc1,8.275724130399212,1,0.0,2018,2018,2018,IC50,B,1
GTCBBBBOAIYQKN-UHFFFAOYSA-N,CCCCc1ccccc1NCc1ccc(C(=O)Nc2nc(CC(=O)O)cs2)cc1,8.259637310505756,1,0.0,2018,2018,2018,IC50,B,1
CIMFCJFCERXAOY-UHFFFAOYSA-N,O=C(O)Cc1csc(NC(=O)c2ccc(CNc3ccccc3Cc3ccccc3)cc2)n1,8.259637310505756,1,0.0,2018,2018,2018,IC50,B,1
ABVYZOVFOYTGAU-UHFFFAOYSA-N,COc1ccc(-c2nc3cnc(NCc4cccc(C(F)(F)F)c4)nc3n(CCC(N)=O)c2=O)cc1,8.2518119729938,1,0.0,2009,2009,2009,IC50,B,1
IXAHGCSQQMXJED-UHFFFAOYSA-N,COc1ccc(C(=O)Nc2ncc(Cc3ccc(F)c(Cl)c3)s2)cc1OCCO,8.234260541478871,2,0.6571984249356926,2009,2009,2009,IC50,B,1
SMKHSRSPGAGESW-UHFFFAOYSA-N,COc1ccc(C(=O)Nc2ncc(Cc3cccc(Cl)c3)s2)cc1OCCO,8.221848749616356,2,0.24903064677189865,2009,2009,2009,IC50,B,1
HOLNDMDFKLWNIW-UHFFFAOYSA-N,c1ccc(Cc2nnc(-c3ccc(N4CCC5(CCc6ccccc6O5)CC4)nn3)o2)nc1,8.221848749616356,2,0.24903064677189865,2010,2010,2010,IC50,B,1
MEXVTOYJNHFFDY-UHFFFAOYSA-N,CNC(=O)c1ccc(-c2ccc(N3CCC(N4CCc5ccc(F)cc54)CC3)nn2)cn1,8.221848749616356,1,0.0,2014,2014,2014,IC50,B,1
DPGSBSKZDLWRDN-UHFFFAOYSA-N,Cc1ccc(-c2ccc(N3CCC(N4CCc5ccc(F)cc54)CC3)nn2)s1,8.221848749616356,1,0.0,2014,2014,2014,IC50,B,1
GGSJJARIPTYWGC-UHFFFAOYSA-N,Cn1cc(-c2ccc(N3CCC(n4nc(Cl)c5ccccc54)CC3)nn2)cn1,8.221848749616356,1,0.0,2015,2015,2015,IC50,B,1
AXMOLBLFTAUXGI-UHFFFAOYSA-N,O=C(O)Cn1nnc(-c2nnc(N3CCC4(CCc5c(Cl)cccc5O4)CC3)s2)n1,8.221848749616356,2,0.42572070254911626,2015,2015,2015,IC50,B,1
HRAQDVZJYIAWOV-UHFFFAOYSA-N,Cc1nc2ccc(NCc3cccc(C(F)(F)F)c3)cc2n(CCNC(=O)CO)c1=O,8.214670164989233,1,0.0,2009,2009,2009,IC50,B,1
GBPADPRXTZXBBD-UHFFFAOYSA-N,O=C(O)CCc1csc(NC(=O)c2ccc(CNc3ccccc3C(F)(F)F)cc2)n1,8.200659450546418,1,0.0,2018,2018,2018,IC50,B,1
ULOUZKXADJAFCJ-UHFFFAOYSA-N,O=C(Nc1nc(CCO)cs1)c1ccc(CNc2ccccc2Cl)cc1,8.193820026016112,1,0.0,2018,2018,2018,IC50,B,1
DHPPBCAZAYICNH-UHFFFAOYSA-N,Cc1csc(NC(=O)c2ccc(CNc3ccccc3C)cc2)n1,8.193820026016112,1,0.0,2018,2018,2018,IC50,B,1
HOQQCLUGZIOACX-UHFFFAOYSA-N,O=C(NCC(O)c1cccnc1)c1ccc(N2CCC3(CCc4c(F)cccc4O3)CC2)nn1,8.18837535480105,2,0.04733852892647574,2010,2010,2010,IC50,B,1
ZSJICZMNRMEJDA-UHFFFAOYSA-N,c1ccc2c(c1)CCC1(CCN(c3ccc(-c4nnc(Cc5ccncc5)o4)nn3)CC1)O2,8.18837535480105,2,0.04733852892647574,2010,2010,2010,IC50,B,1
HUYPGJIKHOQUMM-UHFFFAOYSA-N,COc1ccc(-c2nc3ccc(NCc4cc(C(F)(F)F)ccn4)cc3n(CCNC(C)=O)c2=O)cc1,8.187086643357144,1,0.0,2009,2009,2009,IC50,B,1
BMEXGPOTTUHAQD-UHFFFAOYSA-N,OCc1noc(-c2ccc(N3CCC4(COc5ccccc54)C3)nn2)n1,8.187086643357144,1,0.0,2017,2017,2017,IC50,B,1
JFEHBZBLMMENQT-UHFFFAOYSA-N,Cc1ccc(-c2ccc(N3CCC(c4noc5ccc(F)cc45)CC3)nn2)cn1,8.178273661756906,2,0.3106551270043322,2015,2015,2015,IC50,B,1
BAJHOLKNLOUWAK-UHFFFAOYSA-N,CC(C)CCc1ccccc1NCc1ccc(C(=O)Nc2nc(CC(=O)O)cs2)s1,8.173925197299173,1,0.0,2018,2018,2018,IC50,B,1
XLNLAGRVXCJPBA-UHFFFAOYSA-N,NC(=O)c1nnc(N2CCC(Oc3ccccc3C(F)(F)F)CC2)s1,8.154901959985743,1,0.0,2010,2010,2010,IC50,B,1
OTHUDHNKWWSIOS-UHFFFAOYSA-N,COc1ccc(-c2ccc(N3CCC(c4noc5ccc(F)cc45)CC3)nn2)nc1,8.154901959985743,1,0.0,2015,2015,2015,IC50,B,1
HKYOVUOYHSMXQS-UHFFFAOYSA-N,OCc1ccc(-c2ccc(N3CCC(N4CCc5ccc(F)cc54)CC3)nn2)cc1,8.1259059864969,2,0.04100649896213307,2014,2015,2014,IC50,B,2
VTABGZWRDJJDPV-UHFFFAOYSA-N,O=C(O)Cc1csc(NC(=O)c2ccc(CNc3ccccc3Cc3ccccc3)s2)n1,8.1249387366083,1,0.0,2018,2018,2018,IC50,B,1
XHXQQNMOHJNIJD-UHFFFAOYSA-N,COc1ccc(C(=O)Nc2nnc(Cc3cccc(C(F)(F)F)c3)s2)cc1OCCO,8.096910013008056,1,0.0,2009,2009,2009,IC50,B,1
JCRSYWXQXKKIAW-UHFFFAOYSA-N,Cc1nc(N2CCN(CCCc3ccccc3)C2=O)sc1C(=O)NCc1cccnc1,8.096910013008056,1,0.0,2014,2014,2014,IC50,B,1
LPAJOYDKNFPBIJ-UHFFFAOYSA-N,Cc1nc(-n2cnn(Cc3ccc(C(F)(F)F)o3)c2=O)sc1C(=O)NCc1cccnc1,8.096910013008056,1,0.0,2015,2015,2015,IC50,B,1
NOUJJJOVSSPUGB-UHFFFAOYSA-N,OCc1ccc(-c2ccc(N3CCC(c4noc5ccc(F)cc45)CC3)nn2)cn1,8.096910013008056,1,0.0,2015,2015,2015,IC50,B,1
DCYUBWJTTVATCA-UHFFFAOYSA-N,Cn1cc(-c2ccc(N3CCC(n4ncc5ccc(C(F)(F)F)cc54)CC3)nn2)cn1,8.096910013008056,1,0.0,2015,2015,2015,IC50,B,1
CBHSSHJIZBKJMQ-UHFFFAOYSA-N,COCc1cnn(-c2ccc(N3CCC(c4noc5ccc(F)cc45)CC3)nn2)c1,8.096910013008056,1,0.0,2015,2015,2015,IC50,B,1
DELDTQNVQWISSR-UHFFFAOYSA-N,O=C(Nc1ncc(C(=O)O)s1)c1ccc(CNc2ccccc2C(F)(F)F)cc1,8.09151498112135,1,0.0,2018,2018,2018,IC50,B,1
GTXTVLCIXHWSIV-UHFFFAOYSA-N,Cc1ccccc1C(=O)C1CCN(c2ccc(C(=O)NCC(O)c3cccc(F)c3)nn2)CC1,8.090228032229065,2,0.18613980361838284,2010,2010,2010,IC50,B,1
FPQQMWRUQKWZCF-UHFFFAOYSA-N,COc1ccc(-c2nc3ccc(NCc4ccc(Cl)c(Cl)c4)cc3n(CCNC(C)=O)c2=O)cc1,8.065501548756432,2,0.0,2009,2009,2009,IC50,B,2
KMIORFFZVMVTNL-UHFFFAOYSA-N,O=C(O)Cc1csc(NC(=O)c2ccc(CNc3ccccc3-c3ccccc3)cc2)n1,8.060480747381382,1,0.0,2018,2018,2018,IC50,B,1
YSRCIJVCLXAWIY-UHFFFAOYSA-N,CCCCc1ccccc1NCc1ccc(C(=O)Nc2nc(CC(=O)O)cs2)s1,8.05551732784983,1,0.0,2018,2018,2018,IC50,B,1
GETHIQUDYMXOSR-UHFFFAOYSA-N,CCCc1ccccc1NCc1ccc(C(=O)Nc2nc(C)cs2)cc1,8.050609993355087,1,0.0,2018,2018,2018,IC50,B,1
RQDMDMIVEPJOKQ-UHFFFAOYSA-N,COc1ccc2cc(C(=O)Nc3ncc(Cc4cccc(C(F)(F)F)c4)s3)ccc2c1,8.045757490560675,1,0.0,2009,2009,2009,IC50,B,1
SUIRPQHNXDKVBP-UHFFFAOYSA-N,CCOc1cnn(-c2ccc(N3CCC(N4CCc5ccc(F)cc54)CC3)nn2)c1,8.045757490560675,1,0.0,2014,2014,2014,IC50,B,1
IPTWJKSNCXVPQK-UHFFFAOYSA-N,Cc1cn(-c2ccc(N3CCC(N4CCc5ccc(F)cc54)CC3)nn2)cn1,8.045757490560675,1,0.0,2014,2014,2014,IC50,B,1
UKGARQJWXPNPOQ-UHFFFAOYSA-N,Cc1nc(-n2cnn(CCOc3ccc(F)cc3)c2=O)sc1C(=O)NCc1cccnc1,8.045757490560675,1,0.0,2015,2015,2015,IC50,B,1
IQRZOMPLJJMCHC-UHFFFAOYSA-N,Cc1nc(-n2cnn(Cc3ccc(F)cc3)c2=O)sc1C(=O)NCc1nccs1,8.045757490560675,1,0.0,2015,2015,2015,IC50,B,1
MHUAIUOPEPBTBA-UHFFFAOYSA-N,Cc1cnc(-c2ccc(N3CCC(c4noc5ccc(F)cc45)CC3)nn2)s1,8.045757490560675,1,0.0,2015,2015,2015,IC50,B,1
YDDAGXPEVKOIBY-UHFFFAOYSA-N,O=C(O)Cc1csc(NC(=O)c2ccc(CNc3ccccc3C(F)(F)F)s2)n1,8.045757490560675,1,0.0,2018,2018,2018,IC50,B,1
WMHWSQSRVLCBCN-LJQANCHMSA-N,N[C@H](c1ccccc1)c1ccc(C(=O)Nc2nc3ccc(O)cc3s2)cc1,8.045757490560675,3,0.7927472675712433,2020,2020,2020,IC50,A;B,1
HSUPQAOIIAJFBL-UHFFFAOYSA-N,Cc1csc(NC(=O)c2ccc(CNc3ccccc3Cl)cc2)n1,8.036212172654444,1,0.0,2018,2018,2018,IC50,B,1
HCRJDLMZNQTQKC-UHFFFAOYSA-N,N#CC1(c2ccc(S(F)(F)(F)(F)F)cc2)CCN(c2ccc(-c3nc(CO)no3)nn2)CC1,8.022276394711152,1,0.0,2017,2017,2017,IC50,B,1
FMHWXCNTRYPHIZ-UHFFFAOYSA-N,Cc1ccc(-c2nc3cnc(NCc4cccc(C(F)(F)F)c4)nc3n(CCC(N)=O)c2=O)cc1,8.017728766960431,1,0.0,2009,2009,2009,IC50,B,1
WZRZJIJWXNTMHY-UHFFFAOYSA-N,Cc1csc(NC(=O)c2ccc(CNc3ccccc3C(F)(F)F)s2)n1,8.013228265733755,1,0.0,2018,2018,2018,IC50,B,1
WBULXKBWHYGHMK-UHFFFAOYSA-N,O=C(NCC(O)c1ccccc1)c1ccc(N2CCC(C(=O)c3ccccc3C(F)(F)F)CC2)nn1,8.004386962153752,2,0.21286035127455813,2010,2010,2010,IC50,B,1
BLTLXYPXNRPQJN-UHFFFAOYSA-N,COc1cc(C(=O)Nc2ncc(Cc3cccc(C(F)(F)F)c3)s2)ccc1OCCO,8.0,1,0.0,2009,2009,2009,IC50,B,1
ODASQDXOQDGVNN-UHFFFAOYSA-N,NC(=O)c1cnc(N2CCC(Oc3ccccc3C(F)(F)F)CC2)s1,8.0,1,0.0,2010,2010,2010,IC50,B,1
WPUFSUFYEYOKFL-UHFFFAOYSA-N,O=C(NCC(O)c1cccnc1)c1ccc(N2CCC3(CC2)CCN(CC2CC2)c2ccccc2O3)nn1,8.0,1,0.0,2011,2011,2011,IC50,B,1
ALNBEEWFQUYNMP-UHFFFAOYSA-N,O=C(NCCCC1CC1)c1ccc(N2CCN(C(=O)c3ccccc3C(F)(F)F)CC2)nn1,8.0,1,0.0,2013,2013,2013,IC50,B,1
OVFKEMNMAWPWAV-UHFFFAOYSA-N,Cc1nc(N2CCN(Cc3ccc(F)cc3)C2=O)sc1C(=O)NCc1cccnc1,8.0,1,0.0,2014,2014,2014,IC50,B,1
PAHCKSHDDCJAPV-UHFFFAOYSA-N,O=C(Nc1cnn(Cc2cccc(F)c2)c1)c1cc(-c2ccco2)on1,8.0,1,0.0,2021,2021,2021,IC50,B,1
UCLVWBWUFFDDFF-UHFFFAOYSA-N,O=C(Nc1cnn(Cc2ccccc2)c1)c1noc2c1CCCC2,8.0,1,0.0,2021,2021,2021,IC50,B,1
LRIPHCYVFCUMPP-UHFFFAOYSA-N,O=C(Nc1cnn(Cc2ccccc2)c1)c1cc(N2CCCC2)on1,8.0,1,0.0,2021,2021,2021,IC50,B,1
JNZILDSEJPWAQB-UHFFFAOYSA-N,O=C(Nc1cnn(Cc2cccc(F)c2)c1)c1noc2c1CCCC2,8.0,1,0.0,2021,2021,2021,IC50,B,1
FTECHNJBVQKRNG-UHFFFAOYSA-N,COc1ccc(-c2nc3ccc(NCc4cccc(C(F)(F)F)c4)cc3n(CCNC(C)=O)c2=O)cc1,7.981486060122112,2,0.7071067811865476,2009,2009,2009,IC50,B,2
XRTAVSIPSGJVGV-UHFFFAOYSA-N,Cc1ccccc1C(=O)C1CCN(c2ccc(C(=O)NCC(O)c3ccc(F)cc3)nn2)CC1,7.979303657420887,2,0.4549897509160172,2010,2010,2010,IC50,B,1
UPZYJNDFFUPCMP-UHFFFAOYSA-N,Fc1ccc(-c2ccc(N3CCC(N4CCc5ccc(F)cc54)CC3)nn2)cc1,7.971547574331764,2,0.35397931676539607,2015,2015,2015,IC50,B,1
NLANQYVAMLVASG-UHFFFAOYSA-N,CC(=O)Nc1ccc(C(=O)Nc2ncc(Cc3cccc(C(F)(F)F)c3)s2)cc1OCCO,7.958607314841775,1,0.0,2009,2009,2009,IC50,B,1
ILTYXJRTRCXGMV-UHFFFAOYSA-N,Cc1ccc(-c2ccc(N3CCC(N4CCc5ccc(F)cc54)CC3)nn2)cc1,7.958607314841775,1,0.0,2014,2014,2014,IC50,B,1
QRFRAKBWRNDXNA-UHFFFAOYSA-N,OCCc1cnn(-c2ccc(N3CCC(N4CCc5ccc(F)cc54)CC3)nn2)c1,7.958607314841775,1,0.0,2014,2014,2014,IC50,B,1
UBGWLXSKDOAQDZ-UHFFFAOYSA-N,COc1ncc(-c2ccc(N3CCC(N4CCc5ccc(F)cc54)CC3)nn2)cn1,7.958607314841775,1,0.0,2015,2015,2015,IC50,B,1
XFXBWEMTHDVUIY-UHFFFAOYSA-N,O=C(O)Cn1nnc(-c2cc(N3CCC4(CCc5c(Cl)cccc5O4)CC3)no2)n1,7.958607314841775,1,0.0,2015,2015,2015,IC50,B,1
MQQWXOHKWONINM-UHFFFAOYSA-N,N#CC1(c2ccc(OC(F)(F)F)cc2)CCN(c2ccc(-c3nc(CO)no3)nn2)CC1,7.958607314841775,1,0.0,2017,2017,2017,IC50,B,1
GQRXCEDYPSPQRL-UHFFFAOYSA-N,O=C(Nc1cnn(Cc2cccc(F)c2)c1)c1cc(C2=CCCCC2)on1,7.958607314841775,1,0.0,2021,2021,2021,IC50,B,1
WNXJRFBAPGDJPB-UHFFFAOYSA-N,OCc1cnn(-c2ccc(N3CCC(N4CCc5ccc(F)cc54)CC3)nn2)c1,7.949814727441218,2,0.3847142035869832,2014,2015,2014,IC50,B,2
KOIZRQXNKHUNGR-UHFFFAOYSA-N,O=C(Nc1ncc(Cc2cccc(C(F)(F)F)c2)s1)c1ccc(N2CCOCC2)c(OCCO)c1,7.920818753952375,1,0.0,2009,2009,2009,IC50,B,1
QMZSSLLJQUFMHM-UHFFFAOYSA-N,O=C(NCCC1CC1)c1ccc(N2CCN(C(=O)c3cc(F)ccc3C(F)(F)F)CC2)nn1,7.920818753952375,1,0.0,2013,2013,2013,IC50,B,1
HFVOEUOCDIYZFY-UHFFFAOYSA-N,Cc1nc(-n2ccc(OCCC3CC3)cc2=O)sc1C(=O)NCc1ccccc1,7.920818753952375,1,0.0,2014,2014,2014,IC50,B,1
AKBVREXEVPVWDD-UHFFFAOYSA-N,Cc1cnc(-c2ccc(N3CCC(N4CCc5ccc(F)cc54)CC3)nn2)s1,7.920818753952375,1,0.0,2014,2014,2014,IC50,B,1
KMHPBJQCKOVVBL-UHFFFAOYSA-N,CNC(=O)Cn1cc(-c2ccc(N3CCC(N4CCc5ccc(F)cc54)CC3)nn2)cn1,7.920818753952375,3,0.16398327486145686,2014,2015,2015,IC50,B,2
UYFNGEZEGDJGRS-UHFFFAOYSA-N,OCCn1cc(-c2ccc(N3CCC(n4ccc5ccc(F)cc54)CC3)nn2)cn1,7.920818753952375,1,0.0,2015,2015,2015,IC50,B,1
QOETUANYKPWXAI-UHFFFAOYSA-N,Cc1cnn(-c2ccc(N3CCC(c4noc5ccc(F)cc45)CC3)nn2)c1,7.920818753952375,1,0.0,2015,2015,2015,IC50,B,1
WRJOQYNCPVXGGP-UHFFFAOYSA-N,O=C(O)Cn1nnc(-c2cnc(N3CCC4(CC3)CC(=O)c3c(Cl)cccc3O4)s2)n1,7.920818753952375,1,0.0,2015,2015,2015,IC50,B,1
MILCIPVHZGRZKJ-UHFFFAOYSA-N,CC(C)(C)OC(=O)N1CCN(c2cc(C(=O)Nc3cnn(Cc4ccccc4)c3)no2)CC1,7.920818753952375,1,0.0,2021,2021,2021,IC50,B,1
YUOGITYDNCIOEO-UHFFFAOYSA-N,Cc1ccccc1C(=O)C1CCN(c2ccc(C(=O)NCC(O)c3ccsc3)nn2)CC1,7.916341332625912,2,0.33737567466050744,2010,2010,2010,IC50,B,1
TVSDBYTZFAQONZ-UHFFFAOYSA-N,O=C(NCCc1ccccc1)c1ccc(N2CCN(C(=O)c3ccccc3C(F)(F)F)CC2)nn1,7.895242492728684,2,0.21286035127455813,2010,2013,2011,IC50,B,2
XJFLMHKMZJEILW-UHFFFAOYSA-N,CC(=O)NCCn1c(=O)c(-c2cccnc2)nc2ccc(NCc3ccc(F)c(Cl)c3)nc21,7.886056647693163,1,0.0,2009,2009,2009,IC50,B,1
VJMXZZFAFYCUBI-UHFFFAOYSA-N,CC(=O)NCCn1c(=O)c(-c2cccnc2)nc2ccc(NCc3cccc(C(F)(F)F)c3)cc21,7.886056647693163,1,0.0,2009,2009,2009,IC50,B,1
ZVDNSERVQXIYPJ-UHFFFAOYSA-N,COc1ccc(-c2nc3ccc(NCc4cccc(C)c4)cc3n(CCNC(C)=O)c2=O)cc1,7.886056647693163,1,0.0,2009,2009,2009,IC50,B,1
FNIPHGHBWQSBBH-UHFFFAOYSA-N,O=C(O)Cn1nnc(-c2cnc(N3CCC4(CCc5c(Cl)cccc5O4)CC3)s2)n1,7.886056647693163,1,0.0,2015,2015,2015,IC50,B,1
ALWPCDCARJTZHG-UHFFFAOYSA-N,COc1cccc2c1CCC1(CCN(c3nnc(-c4nnn(CC(=O)O)n4)s3)CC1)O2,7.886056647693163,1,0.0,2015,2015,2015,IC50,B,1
MVKDAFKALXUDKT-UHFFFAOYSA-N,O=C(O)Cc1csc(NC(=O)c2ccc(CNc3ccccc3Cl)cc2)n1,7.886056647693163,1,0.0,2018,2018,2018,IC50,B,1
OJOZNLJWPOYUSO-UHFFFAOYSA-N,NC(=O)c1cc(N2CCC(Oc3ccccc3C(F)(F)F)CC2)no1,7.853871964321762,1,0.0,2010,2010,2010,IC50,B,1
RHBTVSAJSUTJRD-UHFFFAOYSA-N,Fc1ccc2c(c1)N(C1CCN(c3ccc(-c4ccc(C(F)(F)F)nc4)nn3)CC1)CC2,7.853871964321762,1,0.0,2014,2014,2014,IC50,B,1
AKQPVKCVWMDGEW-UHFFFAOYSA-N,CN(C)c1ccc(-c2ccc(N3CCC(n4ccc5ccc(F)cc54)CC3)nn2)cn1,7.853871964321762,1,0.0,2015,2015,2015,IC50,B,1
ZIZNVIXVYYAVOC-UHFFFAOYSA-N,Cc1nsc(-c2ccc(N3CCC(N4CCc5ccccc54)CC3)nn2)n1,7.853871964321762,1,0.0,2015,2015,2015,IC50,B,1
KMKZRFJJTSKQSJ-UHFFFAOYSA-N,Cc1ccccc1NCc1ccc(C(=O)Nc2nc(CC(=O)O)cs2)cc1,7.853871964321762,1,0.0,2018,2018,2018,IC50,B,1
CTCYFGZXOIZJMH-UHFFFAOYSA-N,OCc1nnc(-c2ccc(N3CCC(c4noc5ccc(F)cc45)CC3)nn2)o1,7.824875990832918,2,0.04100649896213307,2015,2015,2015,IC50,B,1
BTTIPGMFWRCWMD-UHFFFAOYSA-N,CC(=O)NCCn1c(=O)c(-c2cccnc2)nc2ccc(NCc3ccc(Cl)c(Cl)c3)nc21,7.823908740944319,1,0.0,2009,2009,2009,IC50,B,1
BWXAKTZKPBHCRM-UHFFFAOYSA-N,CN(C)c1ccc(C(=O)Nc2ncc(Cc3cccc(C(F)(F)F)c3)s2)cc1OCCO,7.823908740944319,1,0.0,2009,2009,2009,IC50,B,1
QTBRDMNOZGAPAG-UHFFFAOYSA-N,Cc1ccccc1C(=O)C1CCN(c2ccc(C(=O)NCC(O)c3ccccc3)nn2)CC1,7.823908740944319,3,0.43510238945037566,2010,2010,2010,IC50,B,2
OMHVWLAJIHJHQO-UHFFFAOYSA-N,CS(=O)(=O)c1ccc2nc(-c3ccc(-c4cccc(Cl)c4)cc3)[nH]c2c1,7.823908740944319,1,0.0,2010,2010,2010,IC50,B,1
OAZDCTMDSUWDDQ-UHFFFAOYSA-N,CNC(=O)Cn1cc(-c2ccc(N3CCC(n4ccc5ccc(F)cc54)CC3)nn2)cn1,7.823908740944319,1,0.0,2015,2015,2015,IC50,B,1
VXKIGLXUWBMSSF-UHFFFAOYSA-N,CC(=O)Nc1ccc(-c2ccc(N3CCC(N4CCc5ccc(F)cc54)CC3)nn2)cn1,7.823908740944319,1,0.0,2015,2015,2015,IC50,B,1
OUDCQILLLADEQS-UHFFFAOYSA-N,Cn1cc(-c2ccc(N3CCC(n4ncc5c(Cl)cccc54)CC3)nn2)cn1,7.823908740944319,1,0.0,2015,2015,2015,IC50,B,1
BFQNFJQWWXUWGB-UHFFFAOYSA-N,N#CC1(c2cccc(Cl)c2)CCN(c2ccc(-c3nc(CO)no3)nn2)CC1,7.823908740944319,1,0.0,2017,2017,2017,IC50,B,1
BUEJIUWXQCAQJO-UHFFFAOYSA-N,COc1ccc(C(=O)Nc2ncc(Cc3cccc(OC(F)(F)F)c3)s2)cc1OCCO,7.813543998514946,2,0.8264607633608831,2009,2009,2009,IC50,B,1
BCMSTTNXNSZKPL-UHFFFAOYSA-N,Cn1cc(-c2ccc(N3CCC(c4noc5ccc(F)cc45)CC3)nn2)cn1,7.809894379144197,2,0.15687075525148192,2015,2015,2015,IC50,B,1
GPIUKGPEECRBNX-UHFFFAOYSA-N,Cc1cnn(-c2ccc(N3CCC(N4CCc5ccc(F)cc54)CC3)nn2)c1,7.798439739412091,2,0.2265111574250746,2014,2015,2014,IC50,B,2
ZQDSQIDDAXWHQJ-UHFFFAOYSA-N,COc1ccc(-c2nc3ccc(NCc4ccc(F)c(C(F)(F)F)c4)nc3n(CCNC(C)=O)c2=O)cc1,7.795880017344075,1,0.0,2009,2009,2009,IC50,B,1
MAFNFIKYPHIRFH-UHFFFAOYSA-N,COc1ccc(-c2nc3ccc(NCc4ccc(Cl)c(Cl)c4)nc3n(CCC(N)=O)c2=O)cc1,7.795880017344075,1,0.0,2009,2009,2009,IC50,B,1
QWZODTPVVFULBR-UHFFFAOYSA-N,O=C(Nc1ncc(Cc2cccc(C(F)(F)F)c2)s1)c1ccc(OCCO)c(OCCO)c1,7.795880017344075,1,0.0,2009,2009,2009,IC50,B,1
ZRYYXKBNSUWNBG-UHFFFAOYSA-N,FC(F)(F)c1ccccc1OC1CCN(c2ncc(-c3ncon3)s2)CC1,7.795880017344075,1,0.0,2010,2010,2010,IC50,B,1
HFQAKFBCTZKMKE-UHFFFAOYSA-N,O=c1[nH]c(CO)nc2nc(N3CCC(Oc4ccccc4C(F)(F)F)CC3)sc12,7.795880017344075,1,0.0,2011,2011,2011,IC50,B,1
XJBJQQCHYUCQGQ-UHFFFAOYSA-N,Fc1ccc2ccn(C3CCN(c4ccc(-c5ccc(C(F)(F)F)nc5)nn4)CC3)c2c1,7.795880017344075,1,0.0,2015,2015,2015,IC50,B,1
JVQBWEUUWDOXLT-UHFFFAOYSA-N,Cn1cc(-c2ccc(N3CCC(n4ncc5ccc(Cl)cc54)CC3)nn2)cn1,7.795880017344075,1,0.0,2015,2015,2015,IC50,B,1
WIJFXDQOPDGGOQ-UHFFFAOYSA-N,Nc1nc2cnc(N3CCC(Oc4cc(F)ccc4Br)CC3)nc2s1,7.769551078621726,1,0.0,2011,2011,2011,IC50,B,1
FMUOWTCJDBKUJN-UHFFFAOYSA-N,O=C(O)Cn1nnc(-c2cc(N3CCC4(CC3)CC(=O)c3c(Cl)cccc3O4)no2)n1,7.769551078621726,1,0.0,2015,2015,2015,IC50,B,1
BBZBQWFAPYWGBB-UHFFFAOYSA-N,CCCCCCCCc1ccccc1NCc1ccc(C(=O)Nc2nc(CC(=O)O)cs2)s1,7.769551078621726,1,0.0,2018,2018,2018,IC50,B,1
MPKPTRVJTRZSTE-UHFFFAOYSA-N,COc1ccc(C(=O)Nc2ncc(Cc3ccc(F)c(F)c3)s2)cc1OCCO,7.75713928675921,2,0.4081677781637939,2009,2009,2009,IC50,B,1
XTZUCMWDWNWYFV-UHFFFAOYSA-N,COc1ccc(-c2ccc(N3CCC(N4CCc5ccc(F)cc54)CC3)nn2)cn1,7.750156458690798,2,0.9161042818656588,2014,2015,2014,IC50,B,2
XRUGFRWMDURAFZ-UHFFFAOYSA-N,O=C(NCCC1CC1)c1ccc(N2CCN(C(=O)c3cc(Cl)ccc3C(F)(F)F)CC2)nn1,7.7447274948966935,1,0.0,2013,2013,2013,IC50,B,1
RMQSXRNHCOORCY-UHFFFAOYSA-N,Cc1csc(NC(=O)c2ccc(CNc3cccc(Cl)c3)cc2)n1,7.7447274948966935,1,0.0,2018,2018,2018,IC50,B,1
ATESJOJGSWWETO-UHFFFAOYSA-N,COc1ccc(C(=O)Nc2ncc(Cc3cc(F)cc(F)c3)s2)cc1OCCO,7.736572006437063,2,1.1328274837356638,2009,2009,2009,IC50,B,1
RHSIRKLMZPOXPT-UHFFFAOYSA-N,OCCn1cc(-c2ccc(N3CCC(N4CCc5ccc(F)cc54)CC3)nn2)cn1,7.723665891943903,2,0.06489145331179813,2014,2015,2014,IC50,B,2
XAPVMFDRNUGWRP-UHFFFAOYSA-N,CN(C)c1ccc(-c2ccc(N3CCC(N4CCc5ccc(F)cc54)CC3)nn2)cn1,7.721848749616356,2,0.28138607863743126,2014,2015,2014,IC50,B,2
FCKLYWUQEVLIRI-UHFFFAOYSA-N,CS(=O)(=O)c1ccc2nc(-c3ccc(-c4ccccc4F)nc3)[nH]c2c1,7.721246399047171,1,0.0,2010,2010,2010,IC50,B,1
LPHSYLVECBOQQS-UHFFFAOYSA-N,COc1ccc(C(=O)Nc2ncc(Cc3cccc(F)c3)s2)cc1OCCO,7.71356419889976,2,0.3465432979313604,2009,2009,2009,IC50,B,1
FQIFULLUVUVEGR-UHFFFAOYSA-N,O=C(NCC(O)c1ccccc1)c1ccc(N2CCC3(CCc4ccccc4C3=O)CC2)nn1,7.698970004336019,1,0.0,2010,2010,2010,IC50,B,1
CIOGEGQPHGZHPB-UHFFFAOYSA-N,OCCc1cnn(-c2ccc(N3CCC(n4ccc5ccc(F)cc54)CC3)nn2)c1,7.698970004336019,1,0.0,2015,2015,2015,IC50,B,1
HEVPXHKRZONDAX-UHFFFAOYSA-N,Cn1cc(Cl)nc(N2CCC(Oc3cc(F)ccc3Cl)CC2)c1=O,7.698970004336019,1,0.0,2015,2015,2015,IC50,B,1
BJESSHFYGZODNG-UHFFFAOYSA-N,N#CC1(c2ccc(Cl)cc2)CCN(c2ccc(-c3nc(CO)no3)nn2)CC1,7.698970004336019,1,0.0,2017,2017,2017,IC50,B,1
IYPOBXAUBPUBLO-UHFFFAOYSA-N,C=C(C)c1cc(C(=O)Nc2cnn(Cc3cccc(F)c3)c2)no1,7.698970004336019,1,0.0,2021,2021,2021,IC50,B,1
RYXPPTOWXABFNA-UHFFFAOYSA-N,CC(=O)NCCn1c(=O)c(-c2cccnc2)nc2cnc(NCc3ccc(Cl)c(Cl)c3)cc21,7.6777807052660805,1,0.0,2009,2009,2009,IC50,B,1
NVUJDKDVOZVALT-UHFFFAOYSA-N,Cc1nnc(-c2ccc(N3CCC(Oc4ccccc4C(F)(F)F)CC3)nn2)s1,7.6777807052660805,1,0.0,2011,2011,2011,IC50,B,1
XVMOOSRGRVWSLY-UHFFFAOYSA-N,Cn1cc(-c2ccc(N3CCC(N4CCc5ccc(C(F)(F)F)cc54)CC3)nn2)cn1,7.6777807052660805,5,0.31283934691132587,2014,2015,2015,IC50,B,2
CIBPNAWYMVRORE-UHFFFAOYSA-N,Cc1csc(-c2ccc(N3CCC(c4noc5ccc(F)cc45)CC3)nn2)n1,7.6777807052660805,1,0.0,2015,2015,2015,IC50,B,1
FWGJWARIAZXNSS-UHFFFAOYSA-N,CCOCCn1cc(-c2ccc(N3CCC(c4noc5ccc(F)cc45)CC3)nn2)cn1,7.6777807052660805,1,0.0,2015,2015,2015,IC50,B,1
MFRXAAVYDAGVMJ-UHFFFAOYSA-N,Fc1ccc2c(c1)N(C1CCN(c3ccc(-c4cn[nH]c4)nn3)CC1)CC2,7.6777807052660805,1,0.0,2015,2015,2015,IC50,B,1
XTDCUOWXCFGLBV-UHFFFAOYSA-N,O=C(O)Cn1nnc(-c2cnc(N3CCC4(CC3)Cc3cccc(Cl)c3C(=O)O4)s2)n1,7.6777807052660805,1,0.0,2015,2015,2015,IC50,B,1
WIOWXPVRMRYZEL-UHFFFAOYSA-N,CC(C)(C)c1ccc(C2(C#N)CCN(c3ccc(-c4nc(CO)no4)nn3)CC2)cc1,7.6777807052660805,1,0.0,2017,2017,2017,IC50,B,1
DFAAZTGEFUDAJO-UHFFFAOYSA-N,Cn1cc(-c2ccc(N3CCC(n4ncc5ccc(F)cc54)CC3)nn2)cn1,7.669093657231369,2,0.5326831015497432,2014,2015,2014,IC50,B,2
JTRJQCPMULXBIC-UHFFFAOYSA-N,OCn1cc(-c2ccc(N3CCC(n4ccc5ccc(F)cc54)CC3)nn2)cn1,7.661653195187567,2,0.0842775171235171,2015,2015,2015,IC50,B,1
XLVWQBLLHTWXIH-UHFFFAOYSA-N,OCc1ccc(-c2ccc(N3CCC(n4ccc5ccc(F)cc54)CC3)nn2)cc1,7.657577319177793,1,0.0,2015,2015,2015,IC50,B,1
PHDZAZAGNFFBLT-UHFFFAOYSA-N,CCCn1cc(-c2ccc(N3CCC(n4ccc5ccc(F)cc54)CC3)nn2)cn1,7.657577319177793,1,0.0,2015,2015,2015,IC50,B,1
RNLAXHUEWLFUBY-UHFFFAOYSA-N,O=C(Nc1nc(CO)c(C(=O)O)s1)c1ccc(CNc2ccccc2C(F)(F)F)cc1,7.657577319177793,1,0.0,2018,2018,2018,IC50,B,1
IJDYQKWQIBEHBO-UHFFFAOYSA-N,O=C(CNC(=O)c1ccc(N2CCN(C(=O)c3ccccc3C(F)(F)F)CC2)nn1)c1ccccc1,7.638272163982407,1,0.0,2013,2013,2013,IC50,B,1
CGFOWCYAAJSOPE-UHFFFAOYSA-N,FC(F)(F)c1cccc2c1CCC1(CCN(c3ccc(-c4nnc(CCc5cccnc5)o4)nn3)CC1)O2,7.6259059864969,2,0.24037957967529816,2010,2010,2010,IC50,B,1
YJKHGJGDWHXZBG-UHFFFAOYSA-N,Cn1cc(-c2ccc(N3CCC(n4ccc5ccc(F)cc54)CC3)nn2)cn1,7.620166077655185,4,0.5015154827167392,2014,2015,2015,IC50,B,2
VXTIWKKEIPKNMR-UHFFFAOYSA-N,NC(=O)c1cnc(N2CCC(Sc3ccccc3C(F)(F)F)CC2)s1,7.619788758288394,1,0.0,2010,2010,2010,IC50,B,1
DPUBIAZLOIDPEP-UHFFFAOYSA-N,CS(=O)(=O)c1ccc2nc(-c3ccc(-c4ccccc4)cc3)[nH]c2c1,7.619788758288394,1,0.0,2010,2010,2010,IC50,B,1
RXBOSKCKGPDBKY-UHFFFAOYSA-N,O=C(NCCC1CC1)c1ccc(N2CCN(C(=O)c3ccc(F)cc3C(F)(F)F)CC2)nn1,7.619788758288394,1,0.0,2013,2013,2013,IC50,B,1
BMWFXJOQYUAESO-UHFFFAOYSA-N,CCCCCCNC(=O)c1ccc(N2CCN(C(=O)c3ccccc3C(F)(F)F)CC2)nn1,7.619788758288394,1,0.0,2013,2013,2013,IC50,B,1
NWNLGPIKBJCOEL-UHFFFAOYSA-N,O=C(O)Cn1nnc(-c2nnc(N3CCC4(CC3)CC(=O)c3c(Cl)cccc3O4)s2)n1,7.619788758288394,1,0.0,2015,2015,2015,IC50,B,1
COTQFOUJZXUUCG-NRFANRHFSA-N,O=C(NC[C@H](O)c1ccccc1)c1ccc(N2CCN(C(=O)c3ccccc3C(F)(F)F)CC2)nn1,7.6020599913279625,3,0.344132964635735,2010,2013,2010,IC50,B,2
RDQWKQAOJWXZAZ-UHFFFAOYSA-N,CN(C)c1cc(C(=O)Nc2cnn(Cc3ccccc3)c2)no1,7.6020599913279625,1,0.0,2021,2021,2021,IC50,B,1
DIPVPFWFBPWNMR-UHFFFAOYSA-N,Cc1nc(-n2ccc(OCc3ccccc3)cc2=O)sc1C(=O)NCc1ccccc1,7.585026652029182,1,0.0,2014,2014,2014,IC50,B,1
XCNTYRFFEJBEEZ-UHFFFAOYSA-N,CC(C)c1cc(C(=O)Nc2cnn(Cc3ccccc3)c2)no1,7.585026652029182,1,0.0,2021,2021,2021,IC50,B,1
OBNJEGKQRUDUQM-UHFFFAOYSA-N,CS(=O)(=O)c1ccc2nc(-c3ccc(-c4ccccc4F)cc3)[nH]c2c1,7.568636235841012,1,0.0,2010,2010,2010,IC50,B,1
ZWPFNFMXJLRPQU-UHFFFAOYSA-N,N#CC1(c2ccc(C(F)(F)F)cc2)CCN(c2ccc(-c3nc(CO)no3)nn2)CC1,7.568636235841012,1,0.0,2017,2017,2017,IC50,B,1
OJLASFAHNJPVLA-UHFFFAOYSA-N,Cc1ccccc1C(=O)C1CCN(c2ccc(C(=O)NCC(O)c3cccnc3)nn2)CC1,7.552841968657781,3,0.10756637358627759,2010,2010,2010,IC50,B,2
NCJMWOVOUKBBEF-UHFFFAOYSA-N,CCCCCNC(=O)c1ccc(N2CCN(C(=O)c3ccccc3C(F)(F)F)CC2)nn1,7.552841968657781,1,0.0,2013,2013,2013,IC50,B,1
LEAVZPPMJMEDAV-UHFFFAOYSA-N,Cn1cc(-c2ccc(N3CCC(N4CCc5ccc(Cl)cc54)CC3)nn2)cn1,7.552841968657781,1,0.0,2014,2014,2014,IC50,B,1
VCVPLZYCGTZQPH-UHFFFAOYSA-N,O=c1[nH]cnc2nc(N3CCC(Oc4ccccc4C(F)(F)F)CC3)sc12,7.537602002101044,1,0.0,2011,2011,2011,IC50,B,1
NEGZXHWGOCEDFT-UHFFFAOYSA-N,COc1ccc2nc(NC(=O)c3ccc(C(O)c4ccccn4)cc3)sc2c1,7.537602002101044,1,0.0,2020,2020,2020,IC50,B,1
MEHWMDCKJBRCPC-UHFFFAOYSA-N,O=C(CNc1nccnc1Cl)N1CCC(Oc2ccccc2Cl)CC1,7.522878745280337,1,0.0,2007,2007,2007,IC50,B,1
YCGOMZIVHHMKBQ-UHFFFAOYSA-N,CS(=O)(=O)c1ccc2nc(-c3ccc(-c4cccc(F)c4)cc3)[nH]c2c1,7.522878745280337,1,0.0,2010,2010,2010,IC50,B,1
KHIDEYHOVWAHBR-UHFFFAOYSA-N,Cc1nc(-n2ccc(O)cc2=O)sc1C(=O)NCc1ccc(F)cc1,7.522878745280337,1,0.0,2014,2014,2014,IC50,B,1
ZWXIGUDEOUIULA-UHFFFAOYSA-N,CCn1cc(-c2ccc(N3CCC(N4CCc5ccc(F)cc54)CC3)nn2)cn1,7.522878745280337,1,0.0,2014,2014,2014,IC50,B,1
QFPMRLIQHPZGIW-UHFFFAOYSA-N,Fc1ccc(Cl)c(OC2CCN(c3nccnn3)CC2)c1,7.522878745280337,1,0.0,2015,2015,2015,IC50,B,1
QQVCHWVVWPXQAB-UHFFFAOYSA-N,FC(F)(F)c1ccccc1NC1CCN(c2nccnn2)CC1,7.522878745280337,1,0.0,2015,2015,2015,IC50,B,1
UQJNIPXIEPKZOU-UHFFFAOYSA-N,Cc1csc(NC(=O)N2CCC(CNc3ccccc3C(F)(F)F)CC2)n1,7.522878745280337,1,0.0,2018,2018,2018,IC50,B,1
MHSUYDAYWNADJP-UHFFFAOYSA-N,CC(C)c1cc(C(=O)Nc2cnn(Cc3cccc(F)c3)c2)no1,7.522878745280337,1,0.0,2021,2021,2021,IC50,B,1
BPZFOVKEALLNAO-UHFFFAOYSA-N,CCOC(=O)Cn1cc(-c2ccc(N3CCC(N4CCc5ccc(F)cc54)CC3)nn2)cn1,7.508638306165727,1,0.0,2015,2015,2015,IC50,B,1
GQVLIBJWHNDFPR-UHFFFAOYSA-N,O=C(Nc1nc(CCCO)c(CCO)s1)c1ccc(CNc2ccccc2C(F)(F)F)cc1,7.508638306165727,1,0.0,2018,2018,2018,IC50,B,1
LRLDORUZRMPXFL-UHFFFAOYSA-N,COc1ccc(C(=O)Nc2cnc(Cc3cc(C(F)(F)F)cc(C(F)(F)F)c3)s2)cc1OCCO,7.494850021680094,1,0.0,2009,2009,2009,IC50,B,1
HQNCOEJAAYGEKK-UHFFFAOYSA-N,COc1ccc(NC(=O)c2ncc(Cc3cccc(C(F)(F)F)c3)s2)cc1OCCO,7.494850021680094,1,0.0,2009,2009,2009,IC50,B,1
WUYMXUBFJNKBRW-UHFFFAOYSA-N,Cc1ncc(CNC(=O)c2sc(-n3cnn(Cc4ccc(F)cc4)c3=O)nc2C)s1,7.494850021680094,1,0.0,2015,2015,2015,IC50,B,1
GTAOGLKFEWOPTJ-UHFFFAOYSA-N,O=C(NCC(O)c1ccccc1)c1ccc(N2CCC(C(=O)c3ccccc3OC(F)(F)F)CC2)nn1,7.4935813876474135,2,0.7161840698271902,2010,2010,2010,IC50,B,1
MUKSRTNWEITUID-UHFFFAOYSA-N,O=C(NCc1cccnc1)Nc1ccc(N2CCC3(CCc4c(cccc4C(F)(F)F)O3)CC2)nn1,7.487347067367615,2,0.7250007301190599,2010,2010,2010,IC50,B,1
NSBSEDBIIAWIEU-UHFFFAOYSA-N,COc1ccc2nc(NC(=O)c3ccc(C(=O)NCc4ccccc4)cc3)sc2c1,7.483288122256525,2,0.3697311065260401,2020,2020,2020,IC50,A;B,1
DBALZNPBWHMHOG-UHFFFAOYSA-N,O=C(NCC(O)c1ccccc1)c1ccc(N2CCC3(CC2)CC(O)c2cccc(F)c2O3)nn1,7.481486060122112,1,0.0,2010,2010,2010,IC50,B,1
DXJDBXBFXWUNBP-UHFFFAOYSA-N,Cc1ccccc1C(=O)C1CCN(c2ccc(C(=O)NCC(O)c3cccs3)nn2)CC1,7.479303657420887,2,0.17360367227858597,2010,2010,2010,IC50,B,1
VQHFOIQFTUFCRK-UHFFFAOYSA-N,COc1ccc(-c2nc3cnc(NCc4ccc(Cl)c(Cl)c4)cc3n(CCNC(C)=O)c2=O)cc1,7.468521082957745,1,0.0,2009,2009,2009,IC50,B,1
FZWTUTSNVNMLPN-UHFFFAOYSA-N,Cc1nc(-n2ccc(O)cc2=O)sc1C(=O)NCc1ccccc1,7.468521082957745,1,0.0,2014,2014,2014,IC50,B,1
SHLKRAJIHVATIE-UHFFFAOYSA-N,Cc1nsc(-c2ccc(N3CCC(n4ccc5ccccc54)CC3)nn2)n1,7.468521082957745,1,0.0,2015,2015,2015,IC50,B,1
KTJVFGFFGBYFSS-UHFFFAOYSA-N,C#CCOc1ccc2nc(NC(=O)c3ccc(C(=O)c4ccccc4)cc3)sc2c1,7.465907069126919,2,0.5941812322337227,2020,2020,2020,IC50,A;B,1
BHOBUXPHKZSABC-UHFFFAOYSA-N,COc1ccc2nc(NC(=O)c3ccc(C(N)c4ccccc4)cc3)sc2c1,7.462591779677412,2,0.27575119442807394,2020,2020,2020,IC50,B,1
DXKNEJDCEJAZNA-UHFFFAOYSA-N,CNC(=O)c1nccnc1NCC(=O)N1CCC(Oc2c(F)ccc(F)c2Cl)CC1,7.455931955649724,1,0.0,2007,2007,2007,IC50,B,1
YVLCRJQXUAOMDM-UHFFFAOYSA-N,CNc1ccc(-c2ccc(N3CCC(n4ccc5ccc(F)cc54)CC3)nn2)cn1,7.455931955649724,1,0.0,2015,2015,2015,IC50,B,1
PTMMQFPPPKXWPY-UHFFFAOYSA-N,Cn1cc(-c2ccc(N3CCC(n4ccc5ccc(Cl)cc54)CC3)nn2)cn1,7.455931955649724,1,0.0,2015,2015,2015,IC50,B,1
IXCKPZGMHUZWAH-UHFFFAOYSA-N,NC(=O)CCn1c(=O)c(-c2cccnc2)nc2cnc(NCc3ccc(Cl)c(Cl)c3)nc21,7.443697499232712,1,0.0,2009,2009,2009,IC50,B,1
KNULJCSPCKMYTN-UHFFFAOYSA-N,Cn1cc(-c2ccc(N3CCC(N4CCc5ccc(F)cc54)CC3)nn2)cn1,7.443697499232712,3,0.2302071067110252,2014,2015,2015,IC50,B,2
QDBRGNOICKEIFC-UHFFFAOYSA-N,O=C(Nc1cnn(Cc2cccc(F)c2)c1)c1cc(N2CCCCC2)on1,7.443697499232712,1,0.0,2021,2021,2021,IC50,B,1
GNPRRBLFZQIRCI-UHFFFAOYSA-N,Cc1ccccc1C(=O)C1CCN(c2ccc(C(=O)NCC(O)c3ccccc3F)nn2)CC1,7.439713034397075,2,0.3081066262936066,2010,2010,2010,IC50,B,1
NGGBGFKKADSXPM-UHFFFAOYSA-N,CC(C)CCNC(=O)c1ccc(N2CCN(C(=O)c3ccccc3C(F)(F)F)CC2)nn1,7.431798275933005,1,0.0,2013,2013,2013,IC50,B,1
CEEQUJHKPMIHJH-UHFFFAOYSA-N,CNC(=O)c1nccnc1NCC(=O)N1CCC(Oc2c(Cl)cccc2Cl)CC1,7.42021640338319,1,0.0,2007,2007,2007,IC50,B,1
JWEGRDDRLYSKDL-UHFFFAOYSA-N,OCc1noc(-c2ccc(N3CCC(c4ccccc4)(C(F)(F)F)CC3)nn2)n1,7.42021640338319,1,0.0,2017,2017,2017,IC50,B,1
YGUFIZYVQUFHKN-UHFFFAOYSA-N,COC(=O)c1nccnc1NCC(=O)N1CCC(Oc2ccccc2Cl)CC1,7.4089353929735005,1,0.0,2007,2007,2007,IC50,B,1
SIBAWLCRNLFUQK-UHFFFAOYSA-N,CCNC(=O)c1nccnc1NCC(=O)N1CCC(Oc2ccccc2Cl)CC1,7.4089353929735005,1,0.0,2007,2007,2007,IC50,B,1
OYUCOYCEJWDVQK-UHFFFAOYSA-N,Cc1nc(-c2cnc(N3CCC(Oc4ccccc4C(F)(F)F)CC3)s2)no1,7.4089353929735005,1,0.0,2010,2010,2010,IC50,B,1
OCXBYYNZEUUCEO-UHFFFAOYSA-N,O=C(NCCC1CC1)c1ccc(N2CCN(C(=O)c3ccccc3C(F)(F)F)CC2)nn1,7.4089353929735005,1,0.0,2013,2013,2013,IC50,B,1
BUNQINGTAZCYJO-UHFFFAOYSA-N,Cc1nc(-n2cnn(Cc3ccc(F)cc3)c2=O)sc1C(=O)NCc1cocn1,7.4089353929735005,1,0.0,2015,2015,2015,IC50,B,1
DDSXQYZPRHWCRJ-UHFFFAOYSA-N,CC(=O)NCCn1c(=O)c(-c2ccc(C)cc2)nc2cnc(NCc3ccc(Cl)c(Cl)c3)cc21,7.3979400086720375,1,0.0,2009,2009,2009,IC50,B,1
PZKBKFUOXSPSOT-UHFFFAOYSA-N,CC(C)N1CCC2(CCN(c3ccc(C(=O)NCC(O)c4cccnc4)nn3)CC2)Oc2ccccc21,7.3979400086720375,1,0.0,2011,2011,2011,IC50,B,1
ZTYCZYQYLKKKQQ-UHFFFAOYSA-N,Cc1nc(N2CCN(Cc3ccc(F)cc3)C2=O)sc1C(=O)NCc1ccccn1,7.3979400086720375,1,0.0,2014,2014,2014,IC50,B,1
GODHGFJPVLWMCD-UHFFFAOYSA-N,CCOCCn1cc(-c2ccc(N3CCC(N4CCc5ccc(F)cc54)CC3)nn2)cn1,7.3872161432802645,1,0.0,2014,2014,2014,IC50,B,1
ZTAJDWVTNCBVNS-UHFFFAOYSA-N,O=C(O)Cn1nnc(-c2cnc(N3CCC4(CC3)CC(=O)c3ccccc3O4)s2)n1,7.3872161432802645,1,0.0,2015,2015,2015,IC50,B,1
SBXHEGPAXOPTOH-UHFFFAOYSA-N,O=C(NCc1cccnc1)c1ccc(N2CCC3(CCc4ccccc4O3)CC2)nn1,7.34391132178011,2,0.31780902126805555,2010,2010,2010,IC50,B,1
IQGJUDFNHPTCGC-UHFFFAOYSA-N,Cc1nc(-n2cnn(Cc3ccc(C(F)(F)F)cc3)c2=O)sc1C(=O)NCc1cccnc1,7.337242168318426,1,0.0,2015,2015,2015,IC50,B,1
DHCNUSNZEUSTQC-UHFFFAOYSA-N,Cc1csc(NC(=O)c2ccc(CNc3ccccc3C)cn2)n1,7.337242168318426,1,0.0,2018,2018,2018,IC50,B,1
WIJZEWRZMDDVJL-UHFFFAOYSA-N,COc1ccc(-c2nc3ccc(NCc4ccc(F)c(Cl)c4)nc3n(CCNC(C)=O)c2=O)cc1,7.327902142064282,1,0.0,2009,2009,2009,IC50,B,1
KJTLQXZRANMVLM-UHFFFAOYSA-N,COc1ccc(-c2nc3ccc(NCc4cccc(C(F)(F)F)c4)nc3n(CCNC(C)=O)c2=O)cc1,7.327902142064282,1,0.0,2009,2009,2009,IC50,B,1
OWXPVKGFHSCKKN-UHFFFAOYSA-N,Fc1ccc(Br)c(OC2CCN(c3ncc4nc[nH]c4n3)CC2)c1,7.327902142064282,1,0.0,2011,2011,2011,IC50,B,1
XWZRSIFXJKXRGO-UHFFFAOYSA-N,FC(F)(F)c1ccccc1OC1CCN(c2ncnc3[nH]cnc23)CC1,7.318758762624412,1,0.0,2011,2011,2011,IC50,B,1
RQIVVIRLGLYLGN-UHFFFAOYSA-N,Cc1nc(-n2ccc(O)cc2=O)sc1C(=O)NCc1ccc(F)c(F)c1,7.318758762624412,1,0.0,2014,2014,2014,IC50,B,1
YJHJQXHMJDTXDU-UHFFFAOYSA-N,C=Cc1cc(C(=O)Nc2cnn(Cc3cccc(F)c3)c2)no1,7.318758762624412,1,0.0,2021,2021,2021,IC50,B,1
SYRGPVPKQWDULB-UHFFFAOYSA-N,O=C(CO)Nc1cnc2ncn(Cc3ccc(Cl)c(Cl)c3)c(=O)c2c1,7.309803919971486,1,0.0,2009,2009,2009,IC50,B,1
BCUKQYKXRHIXRD-UHFFFAOYSA-N,O=C(O)Cn1nnc(-c2cnc(N3CCC4(CCc5ccccc54)CC3)s2)n1,7.309803919971486,1,0.0,2015,2015,2015,IC50,B,1
BSKAWUIOJVBKRM-UHFFFAOYSA-N,Cn1nc(Cc2cccnc2)nc1-c1ccc(N2CCC3(CCc4c(cccc4C(F)(F)F)O3)CC2)nn1,7.303651523370167,2,0.16484763421080934,2010,2010,2010,IC50,B,1
OPPYXCWIDMCXMM-UHFFFAOYSA-N,O=C(NCC(O)c1ccccc1)c1ccc(N2CCC3(CC2)CC(=O)c2ccccc2O3)nn1,7.301029995663981,3,1.3227216390473895,2010,2011,2010,IC50,B,2
GSPSPIYEHKAXTG-UHFFFAOYSA-N,Cc1nc(-n2ccc(CCc3ccccc3)cc2=O)sc1C(=O)NCc1ccccc1,7.301029995663981,1,0.0,2014,2014,2014,IC50,B,1
NODFUSBIEUAVQP-UHFFFAOYSA-N,O=C(Nc1cnn(Cc2ccccc2)c1)c1cc(-c2ccco2)no1,7.301029995663981,1,0.0,2021,2021,2021,IC50,B,1
LXXGACVLXZHDDN-UHFFFAOYSA-N,CNC(=O)c1nccnc1NCC(=O)N1CCC(Oc2c(F)cccc2Cl)CC1,7.292429823902063,1,0.0,2007,2007,2007,IC50,B,1
PUKHTXUSOFRCLY-UHFFFAOYSA-N,CNC(=O)c1nccnc1NCC(=O)N1CCC(Oc2ccccc2Cl)CC1,7.292429823902063,1,0.0,2007,2007,2007,IC50,B,1
AADDTKRBTBKAOH-UHFFFAOYSA-N,COc1ccc(-c2nc3ccc(NCc4cc(C(F)(F)F)cc(C(F)(F)F)c4)nc3n(CCNC(C)=O)c2=O)cc1,7.292429823902063,1,0.0,2009,2009,2009,IC50,B,1
DUSOQMDRYWOWPW-UHFFFAOYSA-N,O=C(NCC(O)c1ccccc1)c1ccc(N2CCC3(CC2)CC(O)c2c(F)cccc2O3)nn1,7.286825713106246,2,0.6826767588135007,2010,2010,2010,IC50,B,1
GVCWPHPGQSAJDN-UHFFFAOYSA-N,Cn1cc(-c2ccc(N3CCC(n4ncc5c(C(F)(F)F)cccc54)CC3)nn2)cn1,7.2839966563652006,1,0.0,2015,2015,2015,IC50,B,1
NXLAQFZWXQNOCF-UHFFFAOYSA-N,O=C(O)COc1nc2cnc(N3CCC(Oc4cc(F)ccc4Br)CC3)nc2s1,7.275724130399211,1,0.0,2011,2011,2011,IC50,B,1
HXSWXRXBLJSSDO-UHFFFAOYSA-N,Cc1nc(N2CCN(Cc3ccccc3)C2=O)sc1C(=O)NCc1ccccc1,7.275724130399211,1,0.0,2014,2014,2014,IC50,B,1
VDHRRGJZIXAUGT-UHFFFAOYSA-N,OCCn1cc(-c2ccc(N3CCC(n4ncc5ccc(F)cc54)CC3)nn2)cn1,7.275724130399211,1,0.0,2015,2015,2015,IC50,B,1
AKNZNOUVMDGJGW-UHFFFAOYSA-N,FC(F)(F)c1ccccc1OC1CCN(c2ncc(-c3ncco3)s2)CC1,7.259637310505756,1,0.0,2010,2010,2010,IC50,B,1
FYZZFGYHRGTQFW-UHFFFAOYSA-N,Cc1nc(-n2ccc(OCc3cscn3)cc2=O)sc1C(=O)NCc1ccccc1,7.259637310505756,1,0.0,2014,2014,2014,IC50,B,1
QMQSPGPSUGTADW-UHFFFAOYSA-N,Cc1nc(N2CCN(Cc3ccc(F)cc3)C2=O)sc1C(N)=O,7.259637310505756,1,0.0,2014,2014,2014,IC50,B,1
JXZCSTOZZDRLND-UHFFFAOYSA-N,Fc1cc(Br)c(OC2CCN(c3nccnn3)CC2)cc1F,7.259637310505756,1,0.0,2015,2015,2015,IC50,B,1
SZFLUDGFRFUFIF-UHFFFAOYSA-N,CNC(=O)c1nccnc1NCC(=O)N1CCC(Oc2ccccc2Br)CC1,7.236572006437063,1,0.0,2007,2007,2007,IC50,B,1
QGYVBIBXWFZNHR-UHFFFAOYSA-N,O=C(O)Cc1cnc(NC(=O)c2ccc(CNc3ccccc3C(F)(F)F)cc2)s1,7.236572006437063,1,0.0,2018,2018,2018,IC50,B,1
VRLCSDDKAOHKFC-UHFFFAOYSA-N,O=C(Nc1cnn(Cc2ccccc2)c1)c1cc(N2CCCCC2)on1,7.236572006437063,1,0.0,2021,2021,2021,IC50,B,1
VHAKYDKKFHVGOY-UHFFFAOYSA-N,Cc1nc2nc(N3CCC(Oc4ccccc4C(F)(F)F)CC3)sc2c(=O)[nH]1,7.229147988357855,1,0.0,2011,2011,2011,IC50,B,1
NUUGCYKZMHJWGB-UHFFFAOYSA-N,NNC(=O)c1ccc(N2CCC(c3noc4ccc(F)cc34)CC2)nn1,7.229147988357855,1,0.0,2015,2015,2015,IC50,B,1
RJTHOZRLXMDNHA-UHFFFAOYSA-N,COC1CC2(CCN(c3ccc(C(=O)NCC(O)c4ccccc4)nn3)CC2)Oc2ccccc21,7.221848749616356,1,0.0,2010,2010,2010,IC50,B,1
QBKAATYCRQYMOC-UHFFFAOYSA-N,CS(=O)(=O)c1ccn2cc(-c3ccc(-c4ccccc4)cc3)nc2c1,7.221848749616356,1,0.0,2010,2010,2010,IC50,B,1
QYSJJGXAYRFXTJ-UHFFFAOYSA-N,OCCc1cnn(-c2ccc(N3CCC(c4noc5ccc(F)cc45)CC3)nn2)c1,7.221848749616356,1,0.0,2015,2015,2015,IC50,B,1
JROGONHUURMXMQ-UHFFFAOYSA-N,O=C(NCC(O)c1ccccc1)c1ccc(N2CCC3(C=Cc4ccccc4O3)CC2)nn1,7.214670164989233,1,0.0,2010,2010,2010,IC50,B,1
QNEITNWZOMGSRC-UHFFFAOYSA-N,COc1ccn(-c2nc(C)c(C(=O)NCc3ccccc3)s2)c(=O)c1,7.214670164989233,1,0.0,2014,2014,2014,IC50,B,1
KJMXCRFBUNSWBZ-UHFFFAOYSA-N,Cc1cc(C(=O)N2CCN(c3ccc(C(=O)NCCC4CC4)nn3)CC2)c(C(F)(F)F)o1,7.207608310501746,1,0.0,2013,2013,2013,IC50,B,1
CTVCKLXTDJUUGD-UHFFFAOYSA-N,O=C(O)Cn1nnc(-c2cnc(N3CCC4(CC3)NC(=O)c3c(Cl)cccc3O4)s2)n1,7.207608310501746,1,0.0,2015,2015,2015,IC50,B,1
DQJQOFFCCSGWRM-UHFFFAOYSA-N,Cc1nc(N2CCN(CC3CC3)C2=O)sc1C(=O)NCc1cccnc1,7.200659450546418,1,0.0,2014,2014,2014,IC50,B,1
DMXFJXOYVJXHHZ-UHFFFAOYSA-N,FC(F)(F)c1ccccc1OC1CCN(c2ncc(-c3nnco3)s2)CC1,7.187086643357144,1,0.0,2010,2010,2010,IC50,B,1
PKYCAZGMGWMHIV-UHFFFAOYSA-N,O=[N+]([O-])c1ccc(Cl)c(OC2CCN(c3nccnn3)CC2)c1,7.187086643357144,1,0.0,2015,2015,2015,IC50,B,1
YNJJNKJRNAZYAT-UHFFFAOYSA-N,Cc1cn(-c2ccc(N3CCC(c4noc5ccc(F)cc45)CC3)nn2)cn1,7.187086643357144,1,0.0,2015,2015,2015,IC50,B,1
SRNNTPKXTMAMJQ-UHFFFAOYSA-N,O=C(O)Cn1nnc(-c2cnc(N3CCC4(CC3)COc3ccccc34)s2)n1,7.187086643357144,1,0.0,2015,2015,2015,IC50,B,1
RRTSDHWLZVYCFW-INIZCTEOSA-N,CO[C@H]1CCN(c2cc(C(=O)Nc3cnn(Cc4ccccc4)c3)no2)C1,7.187086643357144,1,0.0,2021,2021,2021,IC50,B,1
AHPITNKHMUCYLX-UHFFFAOYSA-N,O=C(NCCC1CC1)c1ccc(N2CCN(C(=O)c3cccc(F)c3C(F)(F)F)CC2)nn1,7.180456064458131,1,0.0,2013,2013,2013,IC50,B,1
BQZCMVMHOYRQFV-UHFFFAOYSA-N,Cc1nc(-n2cnn(C(C)c3ccc(F)cc3)c2=O)sc1C(=O)NCc1ccccn1,7.180456064458131,1,0.0,2015,2015,2015,IC50,B,1
VRKBECQLEIUSJU-UHFFFAOYSA-N,O=C(Nc1cnn(Cc2cccc(F)c2)c1)c1cc(C2CCCCC2)on1,7.180456064458131,1,0.0,2021,2021,2021,IC50,B,1
HGUILYYDVRAKMY-UHFFFAOYSA-N,CCc1cc(C(=O)Nc2cnn(Cc3cccc(F)c3)c2)no1,7.180456064458131,1,0.0,2021,2021,2021,IC50,B,1
XSEGUYXQKSLRAT-UHFFFAOYSA-N,Cc1nc(-n2cnn(Cc3ccc(F)cc3)c2=O)sc1C(=O)NCc1ccccn1,7.173925197299173,1,0.0,2015,2015,2015,IC50,B,1
KOAUQKJNSJNVIB-UHFFFAOYSA-N,O=C(COc1ccccc1)Nc1ccc2ncn(Cc3ccc(Cl)c(Cl)c3)c(=O)c2c1,7.167491087293763,1,0.0,2009,2009,2009,IC50,B,1
PRZKVPSEKMHFIS-UHFFFAOYSA-N,Cc1nc2ccc(NCc3cccc(C(F)(F)F)c3)cc2n(CCNC(=O)C(O)CO)c1=O,7.167491087293763,1,0.0,2009,2009,2009,IC50,B,1
CFQCWHCUFFJKDW-UHFFFAOYSA-N,Cc1ccc(CNC(=O)c2ccc(N3CCN(C(=O)c4ccccc4C(F)(F)F)CC3)nn2)o1,7.167491087293763,1,0.0,2013,2013,2013,IC50,B,1
FYZPOAFODMHPSO-UHFFFAOYSA-N,Cc1nsc(-c2ccc(N3CCC(c4noc5ccc(F)cc45)CC3)nn2)n1,7.167491087293763,1,0.0,2015,2015,2015,IC50,B,1
RKZYYYGQGKDPRC-UHFFFAOYSA-N,Cn1cc(-c2ccc(N3CCC(n4ncc5c(F)cccc54)CC3)nn2)cn1,7.167491087293763,1,0.0,2015,2015,2015,IC50,B,1
HSHWZKWKCGIOIO-UHFFFAOYSA-N,Fc1ccc2c(c1)N(C1CCN(c3ccc(-c4ccc(C(F)(F)F)cc4)nn3)CC1)CC2,7.156681865368853,4,0.6121271860418996,2014,2015,2015,IC50,B,2
SLQTUMVIMBTKIA-UHFFFAOYSA-N,O=C(Nc1nc2ccccc2[nH]1)c1ccc(N2CCN(C(=O)c3ccccc3C(F)(F)F)CC2)nn1,7.154901959985743,1,0.0,2013,2013,2013,IC50,B,1
ZTKDFCKKQLEJNQ-UHFFFAOYSA-N,CCn1cc(-c2ccc(N3CCC(c4noc5ccc(F)cc45)CC3)nn2)cn1,7.154901959985743,1,0.0,2015,2015,2015,IC50,B,1
YBZRLSPGCLVDLO-UHFFFAOYSA-N,O=C(Nc1cnn(Cc2cccc(F)c2)c1)c1cc(-c2ccccc2)on1,7.154901959985743,1,0.0,2021,2021,2021,IC50,B,1
BZRRWJSGIPAOJN-UHFFFAOYSA-N,OCc1cnn(-c2ccc(N3CCC(c4noc5ccc(F)cc45)CC3)nn2)c1,7.150862711662816,2,0.18827983021034214,2015,2015,2015,IC50,B,1
YIKYZCBJLHVTIF-UHFFFAOYSA-N,CCCOc1ccc2nc(NC(=O)c3ccc(C(=O)c4ccccc4)cc3)sc2c1,7.150514997831991,2,0.21286035127455813,2020,2020,2020,IC50,A;B,1
YTLFZEMWXNXCHP-UHFFFAOYSA-N,CCCn1cc(-c2ccc(N3CCC(N4CCc5ccc(F)cc54)CC3)nn2)cn1,7.142667503568731,1,0.0,2014,2014,2014,IC50,B,1
UJEAABFSXKCSGI-UHFFFAOYSA-N,O=C(O)Cn1nnc(-c2cc(N3CCC(Oc4cc(F)ccc4Br)CC3)no2)n1,7.136636395486714,4,1.572872098405488,2011,2012,2011,IC50,B,2
BITOVZIDEAIQGL-UHFFFAOYSA-N,NS(=O)(=O)c1ccc2nc(-c3ccc(-c4ccccc4F)cc3)[nH]c2c1,7.130768280269024,1,0.0,2010,2010,2010,IC50,B,1
RRTSDHWLZVYCFW-MRXNPFEDSA-N,CO[C@@H]1CCN(c2cc(C(=O)Nc3cnn(Cc4ccccc4)c3)no2)C1,7.130768280269024,1,0.0,2021,2021,2021,IC50,B,1
BCQSGWNKFDAIOL-UHFFFAOYSA-N,O=C(NCC(O)c1ccccc1)c1ccc(N2CCC3(CC2)Cc2ccccc2CO3)nn1,7.119186407719209,1,0.0,2010,2010,2010,IC50,B,1
VONRSHIJPODIKL-UHFFFAOYSA-N,Cc1cn(-c2ccc(N3CCC(N4CCc5ccccc54)CC3)nn2)cn1,7.119186407719209,1,0.0,2015,2015,2015,IC50,B,1
WYCXEKKLBAECDV-UHFFFAOYSA-N,O=C(CO)Nc1ccc2ncn(Cc3ccc(Cl)cc3)c(=O)c2c1,7.102372908709558,1,0.0,2009,2009,2009,IC50,B,1
FLXHAQHFIIRCBF-UHFFFAOYSA-N,N#CC1(c2ccccc2Cl)CCN(c2ccc(-c3nc(CO)no3)nn2)CC1,7.096910013008056,1,0.0,2017,2017,2017,IC50,B,1
PVTIQVJHZDSETN-UHFFFAOYSA-N,COc1ccc(-c2nc3ccc(NCc4ccc(Cl)c(Cl)c4)nc3n(CCNC(C)=O)c2=O)cc1,7.0915149811213505,1,0.0,2009,2009,2009,IC50,B,1
COTQFOUJZXUUCG-OAQYLSRUSA-N,O=C(NC[C@@H](O)c1ccccc1)c1ccc(N2CCN(C(=O)c3ccccc3C(F)(F)F)CC2)nn1,7.0915149811213505,3,0.09136809314373658,2010,2013,2010,IC50,B,2
NDZZWAAUFMRWHJ-VIFPVBQESA-N,NC(=O)c1cnc(N2CC[C@H](Oc3ccccc3C(F)(F)F)C2)s1,7.075720713938118,1,0.0,2010,2010,2010,IC50,B,1
JXLLJAMIOWAHKZ-UHFFFAOYSA-N,O=C(Nc1cnn(Cc2cccc(F)c2)c1)c1cc(-c2ccon2)on1,7.075720713938118,1,0.0,2021,2021,2021,IC50,B,1
BHOBUXPHKZSABC-HXUWFJFHSA-N,COc1ccc2nc(NC(=O)c3ccc([C@H](N)c4ccccc4)cc3)sc2c1,7.070581074285707,7,0.7241121071214828,2020,2020,2020,IC50,A;B,1
SLZJTFADTLJBQP-UHFFFAOYSA-N,Cc1cn(-c2ccc(N3CCC(n4ccc5ccccc54)CC3)nn2)cn1,7.0655015487564325,1,0.0,2015,2015,2015,IC50,B,1
RLIOGLONFBOCIA-UHFFFAOYSA-N,Cn1ccc(NC(=O)c2cn(Cc3cccc(OC(F)(F)F)c3)cn2)n1,7.055517327849831,1,0.0,2011,2011,2011,IC50,B,1
XADACMQAYCPPAU-UHFFFAOYSA-N,NC(=O)c1ncccc1NCC(=O)N1CCC(Oc2ccccc2C(F)(F)F)CC1,7.045757490560675,1,0.0,2007,2007,2007,IC50,B,1
TXRXZXXDVZMXQI-UHFFFAOYSA-N,O=C(Nc1cnn(Cc2ccccc2)c1)c1cc(-c2ccco2)on1,7.045757490560675,1,0.0,2021,2021,2021,IC50,B,1
HNEOHYVDWRBYCX-UHFFFAOYSA-N,NC(=O)CCn1c(=O)c(-c2cccnc2)nc2cnc(NCc3cccc(C(F)(F)F)c3)nc21,7.036212172654444,1,0.0,2009,2009,2009,IC50,B,1
OTVKHNHBCUYOHI-UHFFFAOYSA-N,Cn1cc(-c2ccc(N3CCC(n4ncc5ccccc54)CC3)nn2)cn1,7.036212172654444,1,0.0,2015,2015,2015,IC50,B,1
LROMIOQSACMRDM-UHFFFAOYSA-N,NC(=O)c1nccnc1NCC(=O)N1CCC(Oc2ccccc2Cl)CC1,7.026872146400302,1,0.0,2007,2007,2007,IC50,B,1
AEUQDGBKRPRYKM-UHFFFAOYSA-N,Cc1nc(N2CCN(Cc3ccc(F)cc3)C2=O)sc1C(=O)NCc1ncco1,7.022276394711152,1,0.0,2014,2014,2014,IC50,B,1
DZBMZRDZHLMPON-UHFFFAOYSA-N,COc1ncc(-c2ccc(N3CCC(c4noc5ccc(F)cc45)CC3)nn2)cn1,7.022276394711152,1,0.0,2015,2015,2015,IC50,B,1
JAHPSHXIFCRWAV-UHFFFAOYSA-N,Cc1csc(NC(=O)c2ccc(CNc3ccccc3)cc2)n1,7.022276394711152,1,0.0,2018,2018,2018,IC50,B,1
CUZUNVLTQYLNFQ-UHFFFAOYSA-N,COc1ccc(-c2nc3ccc(NCc4cccc(C)c4)nc3n(CCNC(C)=O)c2=O)cc1,7.017728766960431,1,0.0,2009,2009,2009,IC50,B,1
OGJNEVVUAVJJLL-UHFFFAOYSA-N,C[S+]([O-])c1ccc2nc(-c3ccc(-c4ccccc4F)cc3)[nH]c2c1,7.017728766960431,1,0.0,2010,2010,2010,IC50,B,1
XVAYTWRBNSFEAT-UHFFFAOYSA-N,CNC(=O)c1ncccc1NCC(=O)N1CCC(Oc2ccccc2C(F)(F)F)CC1,7.013228265733755,1,0.0,2007,2007,2007,IC50,B,1
RSPGODWWHKNLIZ-UHFFFAOYSA-N,O=C(NCC(O)c1ccccc1)c1ccc(N2CCC(C(=O)c3ccc(F)cc3)CC2)nn1,7.012514002850965,2,0.1193539821743357,2010,2010,2010,IC50,B,1
GMSIJCYNWRTVKP-UHFFFAOYSA-N,O=C(NCc1cccnc1)c1nccnc1NCC(=O)N1CCC(Oc2ccccc2Cl)CC1,7.00436480540245,1,0.0,2007,2007,2007,IC50,B,1
MUHICHNUYXZQMZ-UHFFFAOYSA-N,O=C(NCCc1ccccc1)c1ccc(N2CCN(C(=O)c3ccccc3C(F)(F)F)CC2)nc1,7.00436480540245,1,0.0,2010,2010,2010,IC50,B,1
IQQQMAUGJKASHW-UHFFFAOYSA-N,Cn1cc(-c2ccc(N3CCC(N4CCc5cc(F)ccc54)CC3)nn2)cn1,7.00436480540245,1,0.0,2014,2014,2014,IC50,B,1
AXIXUINDTJQLOD-UHFFFAOYSA-N,CNC(=O)c1nccnc1NCC(=O)N1CCC(Nc2ccccc2C(F)(F)F)CC1,7.0,1,0.0,2007,2007,2007,IC50,B,1
IZZUKFBZHJDGAH-UHFFFAOYSA-N,O=C(NCCO)c1nccnc1NCC(=O)N1CCC(Oc2ccccc2Cl)CC1,7.0,1,0.0,2007,2007,2007,IC50,B,1
XRGLTGDFWPFBQM-UHFFFAOYSA-N,COc1ccc(-c2nc3ccc(NCc4cccc(Cl)c4)nc3n(CCNC(C)=O)c2=O)cc1,7.0,1,0.0,2009,2009,2009,IC50,B,1
CYOSOQNLLDMDAG-UHFFFAOYSA-N,CCN1CCC2(CCN(c3ccc(C(=O)NCC(O)c4cccnc4)nn3)CC2)Oc2ccccc21,7.0,1,0.0,2011,2011,2011,IC50,B,1
ZSWOIVIXCCZNJP-UHFFFAOYSA-N,O=C(NCCCCC1CC1)c1ccc(N2CCN(C(=O)c3ccccc3C(F)(F)F)CC2)nn1,7.0,1,0.0,2013,2013,2013,IC50,B,1
LAWDPDZBMWSSLX-UHFFFAOYSA-N,CC(C)CCNC(=O)c1ccc(N2CCN(C(=O)c3ccccc3C(F)(F)F)CC2)nc1,7.0,1,0.0,2013,2013,2013,IC50,B,1
GKXXTSAQLLFRMV-UHFFFAOYSA-N,Cn1ccnc(N2CCC(Oc3ccccc3C(F)(F)F)CC2)c1=O,7.0,1,0.0,2015,2015,2015,IC50,B,1
JXSVFZOGHIRBMH-UHFFFAOYSA-N,FC(F)(F)c1ccc(Cl)c(OC2CCN(c3nccnn3)CC2)c1,7.0,1,0.0,2015,2015,2015,IC50,B,1
JDOZSBUCEZXJHN-UHFFFAOYSA-N,Cc1cnnc(N2CCC(Oc3cc(F)ccc3Cl)CC2)n1,7.0,1,0.0,2015,2015,2015,IC50,B,1
CZHPZSKUFCDFCU-UHFFFAOYSA-N,Cc1cnc(N2CCC(Oc3cc(F)ccc3Cl)CC2)nn1,7.0,1,0.0,2015,2015,2015,IC50,B,1
UYEHCTBWKPFTAW-UHFFFAOYSA-N,N#CC1(c2ccc([N+](=O)[O-])cc2)CCN(c2ccc(-c3nc(CO)no3)nn2)CC1,7.0,1,0.0,2017,2017,2017,IC50,B,1
UPRHRDVCISBLNY-UHFFFAOYSA-N,O=C(NCCC1CC1)c1ccc(N2CCN(C(=O)c3cc(Cl)ccc3Cl)CC2)nn1,6.995678626217357,1,0.0,2013,2013,2013,IC50,B,1
FAIXKYSRYKWWGK-UHFFFAOYSA-N,O=C(NCc1cccnc1)c1cc(-n2cnn(Cc3ccc(F)cc3)c2=O)n[nH]1,6.987162775294828,1,0.0,2015,2015,2015,IC50,B,1
YQQDINFODVIWMR-UHFFFAOYSA-N,Cc1nc(-n2cnn(Cc3ccc(F)cc3)c2=O)sc1C(=O)NCc1cc[nH]n1,6.978810700930062,1,0.0,2015,2015,2015,IC50,B,1
GYHHTVXLJHSGFJ-UHFFFAOYSA-N,O=C(NCc1ccncc1)c1nccnc1NCC(=O)N1CCC(Oc2ccccc2Cl)CC1,6.958607314841775,1,0.0,2007,2007,2007,IC50,B,1
PULJHNBYOLWKDA-UHFFFAOYSA-N,O=C(NCc1ccccn1)c1nccnc1NCC(=O)N1CCC(Oc2ccccc2Cl)CC1,6.958607314841775,1,0.0,2007,2007,2007,IC50,B,1
DJZYVEWBADVRAW-UHFFFAOYSA-N,CCNC(=O)c1ncccc1NCC(=O)N1CCC(Oc2ccccc2C(F)(F)F)CC1,6.958607314841775,1,0.0,2007,2007,2007,IC50,B,1
UWUAEZTYVRHTAE-UHFFFAOYSA-N,COc1ccc(-c2nc3ccc(NCc4ccc(Cl)cc4)nc3n(CCNC(C)=O)c2=O)cc1,6.958607314841775,1,0.0,2009,2009,2009,IC50,B,1
IDYGCGYCHOUWQB-UHFFFAOYSA-N,O=C(CO)Nc1ccc2ncn(Cc3ccc(Cl)c(C(F)(F)F)c3)c(=O)c2c1,6.958607314841775,2,0.0,2009,2009,2009,IC50,B,2
IKHWXCNTLZSWJF-UHFFFAOYSA-N,COC1(c2ccccc2)CCN(c2ccc(-c3nc(CO)no3)nn2)CC1,6.958607314841775,1,0.0,2017,2017,2017,IC50,B,1
BFXOZSLOOXDUPK-UHFFFAOYSA-N,O=C(Nc1cnn(Cc2ccccc2)c1)c1cc(C2CC2)on1,6.958607314841775,1,0.0,2021,2021,2021,IC50,B,1
DSIPXIRVDZIXGR-UHFFFAOYSA-N,Fc1ccc2onc(C3CCN(c4ccc(-c5cn[nH]c5)nn4)CC3)c2c1,6.954677021213342,1,0.0,2015,2015,2015,IC50,B,1
BWABONCEYZCPSJ-UHFFFAOYSA-N,CS(=O)(=O)c1cnc2nc(-c3ccc(-c4ccccc4F)cc3)[nH]c2c1,6.94692155651658,1,0.0,2010,2010,2010,IC50,B,1
SQWLNUWVUPGHCL-UHFFFAOYSA-N,Cc1csc(-c2ccc(N3CCC(c4noc5ccc(F)cc45)CC3)nn2)c1,6.9283676589943894,2,0.02082781562980438,2015,2015,2015,IC50,B,1
ZZCPRLFJMWBCSV-UHFFFAOYSA-N,O=C(CO)Nc1ccc2ncn(Cc3ccc(Cl)c(Cl)c3)c(=O)c2c1,6.924453038607469,1,0.0,2009,2009,2009,IC50,B,1
OXYOAVSPJRYTSY-UHFFFAOYSA-N,CC(C(=O)N1CCN(c2ccc(C(=O)NCCC3CC3)nn2)CC1)(C(F)(F)F)C(F)(F)F,6.924453038607469,1,0.0,2013,2013,2013,IC50,B,1
JPVHQZNWQHSUQE-UHFFFAOYSA-N,O=C(NCCO)c1ncccc1NCC(=O)N1CCC(Oc2ccccc2C(F)(F)F)CC1,6.920818753952375,1,0.0,2007,2007,2007,IC50,B,1
ZNFKEOYKZWMUEZ-UHFFFAOYSA-N,CNC(=O)CCn1c(=O)c(-c2ccc(OC)cc2)nc2ccc(NCc3cccc(C(F)(F)F)c3)nc21,6.920818753952375,1,0.0,2009,2009,2009,IC50,B,1
XHMGFTJVRQWJHO-UHFFFAOYSA-N,CC(=O)NCCn1c(=O)c(-c2cccnc2)nc2ccc(NCc3cccc(C(F)(F)F)c3)nc21,6.920818753952375,1,0.0,2009,2009,2009,IC50,B,1
NJGDCFHXTIVBSQ-LJQANCHMSA-N,N[C@H](c1ccccc1)c1ccc(C(=O)Nc2nc3ccccc3s2)cc1,6.920818753952375,4,1.4145593803531273,2020,2020,2020,IC50,A;B,1
FTGUCSKPHPVCMJ-UHFFFAOYSA-N,COc1ccc2nc(NC(=O)c3ccc(N=[N+]=[N-])cc3)sc2c1,6.920818753952375,1,0.0,2020,2020,2020,IC50,B,1
DNARJMCQHANYMK-UHFFFAOYSA-N,O=C(c1cc(-c2ccccc2)on1)N1CC(Cc2ccccc2)C1,6.920818753952375,1,0.0,2021,2021,2021,IC50,B,1
HGWXLMRDZPZHIF-UHFFFAOYSA-N,Cc1nc(-n2ccc(O)cc2=O)sc1C(=O)NCCc1ccc(F)cc1,6.91721462968355,1,0.0,2014,2014,2014,IC50,B,1
ODPGNCNAGLSITO-UHFFFAOYSA-N,Cc1ccc(-c2ccc(N3CCC(n4ccc5ccc(F)cc54)CC3)nn2)s1,6.91721462968355,1,0.0,2015,2015,2015,IC50,B,1
DKACSJZPBDPRDC-UHFFFAOYSA-N,O=C(NCc1ccc(C(F)(F)F)o1)c1ccc(N2CCN(C(=O)c3ccccc3C(F)(F)F)CC2)nn1,6.906578314837764,1,0.0,2013,2013,2013,IC50,B,1
AWSWGFLZVRYNMI-UHFFFAOYSA-N,O=C(NCCCc1ccccc1)c1ccc(N2CCN(C(=O)c3ccccc3C(F)(F)F)CC2)nn1,6.903089986991944,1,0.0,2013,2013,2013,IC50,B,1
XILJDMHVCGVOES-UHFFFAOYSA-N,O=C(Nc1ccccc1)c1ccc(N2CCN(C(=O)c3ccccc3C(F)(F)F)CC2)nn1,6.903089986991944,1,0.0,2013,2013,2013,IC50,B,1
CHEATIQXHDZDGV-UHFFFAOYSA-N,Cc1nc(-n2cnn(Cc3cc(F)cc(F)c3)c2=O)sc1C(=O)NCc1cccnc1,6.903089986991944,1,0.0,2015,2015,2015,IC50,B,1
MQDMVBGUNSHZPN-UHFFFAOYSA-N,Cn1cc(-c2ccc(N3CCC(n4ccc5ccccc54)CC3)nn2)cn1,6.899629454882437,1,0.0,2015,2015,2015,IC50,B,1
IZHLUPKVNPPMFR-UHFFFAOYSA-N,Cc1ccn(-c2ccc(N3CCC(c4noc5ccc(F)cc45)CC3)nn2)n1,6.899629454882437,1,0.0,2015,2015,2015,IC50,B,1
LWUCRQYELCMTGR-UHFFFAOYSA-N,O=C(O)c1ccc(-c2ccc(N3CCC(Oc4cc(F)ccc4Br)CC3)nn2)nc1,6.892790030352131,1,0.0,2011,2011,2011,IC50,B,1
ITRSXXVLXWPSCR-UHFFFAOYSA-N,COc1ccc(-c2nc3ccc(NCc4ccc(C)c(C)c4)cc3n(CCNC(C)=O)c2=O)cc1,6.886056647693163,1,0.0,2009,2009,2009,IC50,B,1
AYKPMCNREUVKNQ-UHFFFAOYSA-N,OCc1noc(-c2ccc(N3CCC(O)(c4ccccc4)CC3)nn2)n1,6.886056647693163,1,0.0,2017,2017,2017,IC50,B,1
LPZMPSNKVIBUEE-UHFFFAOYSA-N,O=C(Nc1cnn(Cc2ccccc2)c1)c1cc(-c2nncs2)on1,6.882728704344236,1,0.0,2021,2021,2021,IC50,B,1
FNFMYRSHPYAHHV-UHFFFAOYSA-N,Cc1nc(N2CCN(CC3CCCCC3)C2=O)sc1C(=O)NCc1cccnc1,6.8696662315049934,1,0.0,2014,2014,2014,IC50,B,1
BHUCOKRFLNIIRI-UHFFFAOYSA-N,Cc1nc(-n2ccc(O)cc2=O)sc1C(=O)NCc1cccc(F)c1,6.863279432843593,1,0.0,2014,2014,2014,IC50,B,1
AZDQHTUSFFHYCU-UHFFFAOYSA-N,O=C(NCc1ccccc1)c1nccnc1NCC(=O)N1CCC(Oc2ccccc2Cl)CC1,6.853871964321762,1,0.0,2007,2007,2007,IC50,B,1
XRXZSGOXODFAMO-UHFFFAOYSA-N,COc1ccc(-c2nc3cnc(NCc4ccc(Cl)c(Cl)c4)nc3n(CCC(N)=O)c2=O)cc1,6.853871964321762,1,0.0,2009,2009,2009,IC50,B,1
JQKIHZZRPQRCIL-UHFFFAOYSA-N,Cc1nc(-n2cnn(CC3CC3)c2=O)sc1C(=O)NCc1cccnc1,6.853871964321762,1,0.0,2015,2015,2015,IC50,B,1
RWLJEWOYURWKLV-UHFFFAOYSA-N,COc1ccc(C(=O)Nc2ccc(Cc3cccc(C(F)(F)F)c3)s2)cc1OCCO,6.838631997765026,1,0.0,2009,2009,2009,IC50,B,1
LINFHMWTGYJLOX-UHFFFAOYSA-N,COc1ccc(C(=O)Nc2ncc(Cc3cccc(C(F)(F)F)c3)s2)cc1OC,6.838631997765026,1,0.0,2009,2009,2009,IC50,B,1
ALJMSYJYNXRBSK-UHFFFAOYSA-N,Cn1cc(-c2ccc(N3CCC(n4ncc5cc(F)ccc54)CC3)nn2)cn1,6.838631997765026,1,0.0,2015,2015,2015,IC50,B,1
WUYJTKVQECUKMU-UHFFFAOYSA-N,O=C(Nc1nc2ccccc2s1)c1ccc(C(=O)c2ccccc2)cc1,6.832773124424534,2,1.715418941536262,2020,2020,2020,IC50,A;B,1
VNIAFXBXTRDXMQ-UHFFFAOYSA-N,Cc1csc(NC(=O)c2ccc(COc3ccccc3Cl)cc2)n1,6.823908740944319,1,0.0,2018,2018,2018,IC50,B,1
DALUCQVQSXDILM-UHFFFAOYSA-N,CC(C)(C)c1cc(C(=O)Nc2cnn(Cc3ccccc3)c2)no1,6.823908740944319,1,0.0,2021,2021,2021,IC50,B,1
OFOJQWGBHSVXQC-UHFFFAOYSA-N,NC(=O)c1cnc(N2CCN(Cc3ccccc3C(F)(F)F)CC2)s1,6.815308569182401,1,0.0,2010,2010,2010,IC50,B,1
JBMJKLDKGMSAEW-UHFFFAOYSA-N,O=C(NCC(O)c1ccccc1)c1ccc(N2CCC3(CC2)CC(O)c2ccc(F)cc2O3)nn1,6.806875401645538,1,0.0,2010,2010,2010,IC50,B,1
VDKRLMPMQRVURB-UHFFFAOYSA-N,Fc1ccc2onc(C3CCN(c4ccc(-n5ccnc5)nn4)CC3)c2c1,6.806875401645538,1,0.0,2015,2015,2015,IC50,B,1
QZAWZZYVOJRGOB-UHFFFAOYSA-N,O=C(NCc1ccc(Cl)s1)c1ccc2[nH]c(-c3ccc(C(=O)c4ccccc4C(F)(F)F)cc3)nc2c1,6.804100347590767,1,0.0,2013,2013,2013,IC50,B,1
VVHLMAQLSWPCHG-UHFFFAOYSA-N,Cc1nc(N2CCN(Cc3ccccc3)C2=O)sc1C(=O)NCc1ccccn1,6.801342913045577,1,0.0,2014,2014,2014,IC50,B,1
SVNXVLSQFKQHSG-UHFFFAOYSA-N,COc1ccc2nc(NC(=O)c3ccc(C(=O)c4cccnc4)cc3)sc2c1,6.798439739412091,2,1.1877024049480205,2020,2020,2020,IC50,A;B,1
MCVWJULZOZZYRL-UHFFFAOYSA-N,COc1ccc2nc(NC(=O)c3ccc(C(=O)c4ccccc4)cc3)sc2c1,6.795880017344075,2,1.8399342649222112,2020,2020,2020,IC50,A;B,1
RQZMRFSOADEDRW-UHFFFAOYSA-N,N#Cc1ccc(-c2cc(C(=O)N3CCC(c4ccccc4)CC3)no2)c(F)c1,6.795880017344075,1,0.0,2021,2021,2021,IC50,B,1
CJZNKOIMXMXMTI-UHFFFAOYSA-N,Nc1ncnc2[nH]c(N3CCC(Oc4ccccc4C(F)(F)F)CC3)nc12,6.790484985457369,1,0.0,2011,2011,2011,IC50,B,1
DLPFHBFBUBWLBM-UHFFFAOYSA-N,Cc1ccccc1C(=O)C1CCN(c2ccc(C(=O)NCC(O)c3ccncc3)nn2)CC1,6.784897950684125,2,0.08024185134445162,2010,2010,2010,IC50,B,1
PKTVBMJHJKUWKY-UHFFFAOYSA-N,Fc1ccc2onc(C3CCN(c4ccc(-c5cccnc5)nn4)CC3)c2c1,6.782516055786093,1,0.0,2015,2015,2015,IC50,B,1
YLODXNZMRTUOCX-UHFFFAOYSA-N,O=C(O)CNc1nc2cnc(N3CCC(Oc4cc(F)ccc4Br)CC3)nc2s1,6.774690718274137,1,0.0,2011,2011,2011,IC50,B,1
QGAOFRPGAPZIHH-UHFFFAOYSA-N,Cc1cc(-c2ccc(N3CCC(c4noc5ccc(F)cc45)CC3)nn2)ccn1,6.767003889607846,1,0.0,2015,2015,2015,IC50,B,1
CVOOKMZXIFWORK-UHFFFAOYSA-N,Cn1cc(-c2ccc(N3CCC(n4ccc5ccc(C(F)(F)F)cc54)CC3)nn2)cn1,6.761953896871205,1,0.0,2015,2015,2015,IC50,B,1
ZICOCMKZEGRURQ-UHFFFAOYSA-N,O=C1CCCN1c1cnc(N2CCC(Oc3ccccc3C(F)(F)F)CC2)s1,6.7594507517174005,1,0.0,2010,2010,2010,IC50,B,1
CKIBNNYWZAXTRH-UHFFFAOYSA-N,O=C(NCc1ccccc1)c1ccc(N2CCN(C(=O)c3ccccc3C(F)(F)F)CC2)nn1,6.756077439944282,2,0.8925649139963155,2013,2017,2015,IC50,B,2
IDPZZOYWDBJFMQ-UHFFFAOYSA-N,O=C(NCC(O)c1ccccc1)c1ccc(N2CCC(C(=O)c3ccccc3)CC2)nn1,6.750596696532316,2,0.3054412059495647,2010,2010,2010,IC50,B,1
KGOWKWHCNZUWNN-UHFFFAOYSA-N,O=C(NCc1nccs1)c1ccc2[nH]c(-c3ccc(C(=O)c4ccccc4C(F)(F)F)cc3)nc2c1,6.747146969020107,1,0.0,2013,2013,2013,IC50,B,1
MQCJMILDOYNHBF-UHFFFAOYSA-N,COc1ccc(-c2nc3ccc(NCc4cc(C(F)(F)F)ccn4)nc3n(CCNC(C)=O)c2=O)cc1,6.7447274948966935,1,0.0,2009,2009,2009,IC50,B,1
QBWYZAHJEFWQPF-UHFFFAOYSA-N,O=C(CO)Nc1ccc2c(=O)n(Cc3ccc(Cl)c(Cl)c3)cnc2c1,6.7447274948966935,1,0.0,2009,2009,2009,IC50,B,1
ZKGOKZNJBOOPRT-UHFFFAOYSA-N,Cn1cc(-c2ccc(N3CCC(n4ccc5cc(Cl)ccc54)CC3)nn2)cn1,6.7423214251308154,1,0.0,2015,2015,2015,IC50,B,1
ZWSJMIXLKNUYHN-UHFFFAOYSA-N,O=C(O)Cn1nnc(-c2cnc(N3CCC4(CC3)NC(=O)c3ccccc3O4)s2)n1,6.7423214251308154,1,0.0,2015,2015,2015,IC50,B,1
XGPFKIMMYZLFJE-UHFFFAOYSA-N,Cc1ncc2sc(N3CCC(Oc4ccccc4C(F)(F)F)CC3)nc2n1,6.739928612014925,1,0.0,2011,2011,2011,IC50,B,1
KJEZWGPCFJGYEN-UHFFFAOYSA-N,O=C(Nc1cnn(Cc2cccc(F)c2)c1)c1cc(-c2cnco2)on1,6.7258421507363195,1,0.0,2021,2021,2021,IC50,B,1
PIJPVFQPQJPMBA-UHFFFAOYSA-N,N#CC1(c2ccccc2)CCN(c2ccc(-c3nc(CO)no3)nn2)CC1,6.721246399047171,1,0.0,2017,2017,2017,IC50,B,1
MXIDILPNRNAQBQ-UHFFFAOYSA-N,O=C(Nc1cnn(Cc2cccc(F)c2)c1)c1cc(-c2cncs2)on1,6.721246399047171,1,0.0,2021,2021,2021,IC50,B,1
DZQSFRXJJGQWBU-UHFFFAOYSA-N,Cc1ccn(-c2nc(C)c(C(=O)NCc3ccccc3)s2)c(=O)c1,6.718966632752272,1,0.0,2014,2014,2014,IC50,B,1
LMLXNRYGWLSELC-UHFFFAOYSA-N,O=C(NCCC1CC1)c1ccc(N2CCN(C(=O)c3cc(F)ccc3Cl)CC2)nn1,6.71669877129645,1,0.0,2013,2013,2013,IC50,B,1
PWCLVFVMJUISEY-UHFFFAOYSA-N,O=C(Nc1ccc2ncn(Cc3ccc(Cl)c(Cl)c3)c(=O)c2c1)OCc1ccccc1,6.714442690992226,1,0.0,2009,2009,2009,IC50,B,1
SZITYMXJWRJBEU-UHFFFAOYSA-N,Cc1nc(N2CCN(Cc3ccccc3)C2=O)sc1C(=O)NCc1ccc(F)cc1,6.7121982700697735,1,0.0,2014,2014,2014,IC50,B,1
QGCICRMMUPZJRA-UHFFFAOYSA-N,Cc1cnc(CNC(=O)c2sc(-n3cnn(Cc4ccc(F)cc4)c3=O)nc2C)cn1,6.7121982700697735,1,0.0,2015,2015,2015,IC50,B,1
ZERZCVLKYUFIRW-UHFFFAOYSA-N,NC(=O)c1nnc(N2CCC(Oc3ccccc3C(F)(F)F)CC2)o1,6.701146923590294,1,0.0,2010,2010,2010,IC50,B,1
PXHWOKWXJFVBQI-UHFFFAOYSA-N,Cn1cc(Cl)nc(N2CCC(Oc3ccccc3C(F)(F)F)CC2)c1=O,6.698970004336019,1,0.0,2015,2015,2015,IC50,B,1
IQUTVVVWNVSYSB-UHFFFAOYSA-N,Cn1cc(Cl)nc(N2CCC(Oc3cc(C(F)(F)F)ccc3Cl)CC2)c1=O,6.698970004336019,1,0.0,2015,2015,2015,IC50,B,1
QVTWHNBICUCVNZ-UHFFFAOYSA-N,Cn1nccc(N2CCC(Oc3cc(C(F)(F)F)ccc3Cl)CC2)c1=O,6.698970004336019,1,0.0,2015,2015,2015,IC50,B,1
SXCZVZBSIYFIES-UHFFFAOYSA-N,O=C(O)c1cncc(-c2ccc(N3CCC(Oc4cc(F)ccc4Br)CC3)nn2)c1,6.6872923239227955,2,2.075513451589662,2011,2011,2011,IC50,B,1
CYBBWKSWIOYLKW-UHFFFAOYSA-N,COc1ccc2nc(NC(=O)c3ccc(C(=O)c4ccccn4)cc3)sc2c1,6.678273661756906,2,1.3849445140061942,2020,2020,2020,IC50,A;B,1
SFIKGBKMOQHADS-UHFFFAOYSA-N,O=Cc1nccnc1NCC(=O)N1CCC(Oc2ccccc2Cl)CC1,6.6777807052660805,1,0.0,2007,2007,2007,IC50,B,1
QXNOTUKNWZNQSX-UHFFFAOYSA-N,COc1ccc(-c2nc3ccc(NCc4cccc(OC(F)(F)F)c4)nc3n(CCNC(C)=O)c2=O)cc1,6.6777807052660805,1,0.0,2009,2009,2009,IC50,B,1
ZFHYZBLHLMXEBL-UHFFFAOYSA-N,CC1(c2cc(C(=O)Nc3cnn(Cc4ccccc4)c3)no2)COC1,6.6777807052660805,1,0.0,2021,2021,2021,IC50,B,1
WBHLUVWKSZPJOW-UHFFFAOYSA-N,O=C(c1cc(-c2ccccc2)on1)N1CCN(c2cccc(F)c2)CC1,6.6777807052660805,1,0.0,2021,2021,2021,IC50,B,1
JDXPCOUDPIDYBT-UHFFFAOYSA-N,Cc1nc(-n2cnn(Cc3ccc(F)cc3)c2=O)sc1C(=O)NCc1ncco1,6.669586226650809,1,0.0,2015,2015,2015,IC50,B,1
MBFRJCJPZMFFMU-UHFFFAOYSA-N,Cc1c(C(=O)N=C(N)N)ncn1Cc1ccc(Cl)cc1,6.66354026615147,1,0.0,2011,2011,2011,IC50,B,1
IJGWCBRJPINXQV-UHFFFAOYSA-N,Cn1cc(-c2ccc(N3CCC(N4CCc5cc(Cl)ccc54)CC3)nn2)cn1,6.661543506395395,1,0.0,2014,2014,2014,IC50,B,1
ATBDTEAYMAGOCW-UHFFFAOYSA-N,Cc1nc(N2CCN(Cc3ccccc3)C2=O)sc1C(=O)NCc1cccc(F)c1,6.6595558851598815,1,0.0,2014,2014,2014,IC50,B,1
LDXYQWNHOVBYJK-UHFFFAOYSA-N,O=C(Nc1ccc2ncn(Cc3ccc(F)c(Cl)c3)c(=O)c2c1)OCc1ccccc1,6.657577319177793,1,0.0,2009,2009,2009,IC50,B,1
NHKDTKMZQNVCSK-UHFFFAOYSA-N,NC1(c2ccccc2)CCN(c2ccc(-c3nc(CO)no3)nn2)CC1,6.657577319177793,1,0.0,2017,2017,2017,IC50,B,1
AFYBAPPGUZIPDM-UHFFFAOYSA-N,O=C(Nc1cnn(Cc2cccc(F)c2)c1)c1cc(N2CCOCC2)on1,6.657577319177793,1,0.0,2021,2021,2021,IC50,B,1
MBZKEYVPSVQGTM-UHFFFAOYSA-N,Cc1nc(-n2cnn(Cc3ccc(C(F)(F)F)cc3)c2=O)sc1C(=O)NCc1ccccn1,6.6439741428068775,1,0.0,2015,2015,2015,IC50,B,1
DYEGEEMFKJLIAG-UHFFFAOYSA-N,COc1ccc(C(=O)Nc2ncc(Cc3ccc(C)c(F)c3)s2)cc1OCCO,6.640342644728942,2,0.6305179284792065,2009,2009,2009,IC50,B,1
BCURKFDHURYYGR-UHFFFAOYSA-N,O=C(NCC(O)c1ccccc1)c1ccc(N2CCC3(CC2)Cc2ccccc2C(=O)O3)nn1,6.638272163982407,1,0.0,2010,2010,2010,IC50,B,1
ILAGHTMWCATYQN-UHFFFAOYSA-N,O=C(c1cc(-c2ccco2)on1)N1CC(Cc2ccccc2)C1,6.638272163982407,1,0.0,2021,2021,2021,IC50,B,1
FFLACNAXGFCCBT-UHFFFAOYSA-N,CS(=O)(=O)c1ccc2nc(-c3ccc(-c4cccs4)cc3)[nH]c2c1,6.636388020107855,1,0.0,2010,2010,2010,IC50,B,1
LVGQXLOFHAVOAQ-UHFFFAOYSA-N,COc1ccc(C(=O)Nc2ncc(Cc3cc(Cl)ccc3Cl)s2)cc1OCCO,6.635316347403609,2,0.37868911275182693,2009,2009,2009,IC50,B,1
CTONVBDPRFRMPC-UHFFFAOYSA-N,O=C(Nc1cnn(Cc2cccc(F)c2)c1)c1cc(-c2ccns2)on1,6.634512015109101,1,0.0,2021,2021,2021,IC50,B,1
HLLQDKNSAVHCAE-UHFFFAOYSA-N,Cc1nc(-c2n[nH]c(Cc3ccccc3)n2)sc1C(=O)NCc1ccccc1,6.627087997029893,1,0.0,2014,2014,2014,IC50,B,1
PEXPKNONLMRNCB-UHFFFAOYSA-N,O=C(O)Cn1nnc(-c2cnc(N3CCC4(C=Cc5ccccc54)CC3)s2)n1,6.61261017366127,1,0.0,2015,2015,2015,IC50,B,1
AUSRQKFDMUEKHR-UHFFFAOYSA-N,CC(=O)NCCn1c(=O)c(-c2cccnc2)nc2cnc(NCc3ccc(Cl)c(Cl)c3)nc21,6.6020599913279625,1,0.0,2009,2009,2009,IC50,B,1
NKEFSVLJXCEEQY-UHFFFAOYSA-N,O=C(Nc1ccc2ncn(Cc3ccc(Cl)cc3)c(=O)c2c1)OCc1ccccc1,6.6020599913279625,1,0.0,2009,2009,2009,IC50,B,1
RCNVLPYVUMMOKT-UHFFFAOYSA-N,O=C(NCCc1ccccc1)c1ccc(N2CCN(C(=O)c3ccccc3C(F)(F)F)CC2)cn1,6.6020599913279625,1,0.0,2010,2010,2010,IC50,B,1
BTFSQDGQHMPZAH-UHFFFAOYSA-N,CS(=O)(=O)c1ccc2nc(-c3ccc(-c4ccccc4Cl)cc3)[nH]c2c1,6.5934598195660445,1,0.0,2010,2010,2010,IC50,B,1
YHSOKGLZUGZMOD-UHFFFAOYSA-N,FC(F)(F)c1ccccc1OC1CCN(c2ncc3nc[nH]c3n2)CC1,6.590066876668706,1,0.0,2011,2011,2011,IC50,B,1
WNWRTHGYPQYCMH-UHFFFAOYSA-N,Cc1cn(-c2ccc(N3CCC(c4noc5cc(F)ccc45)CC3)nn2)cn1,6.590066876668706,1,0.0,2015,2015,2015,IC50,B,1
VAPVQZVTHURTBU-UHFFFAOYSA-N,CC(C)CNC(=O)c1nccnc1NCC(=O)N1CCC(Oc2ccccc2Cl)CC1,6.585026652029182,1,0.0,2007,2007,2007,IC50,B,1
CORXDZZRQNBTBN-UHFFFAOYSA-N,O=C(Nc1ncc(CCCO)s1)c1ccc(CNc2ccccc2C(F)(F)F)cc1,6.585026652029182,1,0.0,2018,2018,2018,IC50,B,1
UWUNYOLFEWOXPK-UHFFFAOYSA-N,O=C(Nc1nc2ccccc2s1)c1cccnc1,6.585026652029182,1,0.0,2020,2020,2020,IC50,B,1
PURFCVBFLYONHX-UHFFFAOYSA-N,O=C(Nc1cnn(Cc2ccccc2)c1)c1cc(-c2cncs2)on1,6.585026652029182,1,0.0,2021,2021,2021,IC50,B,1
SJIXOWCHTLSXTO-UHFFFAOYSA-N,COc1ccc(-c2cc(C(=O)N3CC(c4ccccc4)C3)no2)nc1,6.578396073130168,1,0.0,2021,2021,2021,IC50,B,1
UVBXNVJUKVHGQV-UHFFFAOYSA-N,Cc1ccccc1C(=O)C1CCN(c2ccc(C(=O)NCC(O)c3ccccn3)nn2)CC1,6.576831443935097,2,0.23744087233877417,2010,2010,2010,IC50,B,1
SLKPAKPHVBWASJ-UHFFFAOYSA-N,O=c1[nH]ccc2nc(N3CCC(Oc4ccccc4C(F)(F)F)CC3)sc12,6.571865205971211,1,0.0,2011,2011,2011,IC50,B,1
BKCQAKQXZWKPRF-UHFFFAOYSA-N,Cc1nc(-n2cnn(Cc3ccc(F)cc3)c2=O)sc1C(=O)NCc1cccnc1,6.571865205971211,1,0.0,2015,2015,2015,IC50,B,1
KKLDFKDCGQCPEZ-UHFFFAOYSA-N,O=C(Nc1nc2ccccc2[nH]1)c1ccc(C(=O)c2ccccc2)cc1,6.560739102249396,2,1.1540146821720612,2020,2020,2020,IC50,A;B,1
ALJLGQQGERMMMV-UHFFFAOYSA-N,Fc1ccc2c(c1)N(C1CCN(c3ccc(-c4cnn(CCN5CCOCC5)c4)nn3)CC1)CC2,6.560667306169737,1,0.0,2015,2015,2015,IC50,B,1
XCYAUDKMHBMJSP-UHFFFAOYSA-N,NC(=O)c1cnc(N2CCN(C(=O)c3ccccc3C(F)(F)F)CC2)s1,6.5590225143301994,2,0.05111500838559583,2009,2010,2009,IC50,B,2
WGKNCBOCXQLHDO-UHFFFAOYSA-N,CN1CCC2(CCN(c3ccc(C(=O)NCC(O)c4ccccc4)nn3)CC2)Oc2ccccc21,6.552841968657781,1,0.0,2011,2011,2011,IC50,B,1
UACQNMPQQNWDHW-UHFFFAOYSA-N,Cc1cc(CNC(=O)c2sc(-n3cnn(Cc4ccc(F)cc4)c3=O)nc2C)[nH]n1,6.552841968657781,1,0.0,2015,2015,2015,IC50,B,1
CMYITAKNBSCUGW-UHFFFAOYSA-N,O=C(c1cc(-c2ccco2)on1)N1CC(Oc2ccccc2)C1,6.552841968657781,1,0.0,2021,2021,2021,IC50,B,1
RHYQIXNCTOPIIA-UHFFFAOYSA-N,Cc1ccc2ccn(C3CCN(c4ccc(-c5cnn(C)c5)nn4)CC3)c2c1,6.543633966870956,1,0.0,2015,2015,2015,IC50,B,1
RCVPUPWQGZXUEJ-UHFFFAOYSA-N,O=C(NCCC1CC1)c1ccc(N2CCN(C(=O)c3ccoc3C(F)(F)F)CC2)nn1,6.537602002101044,1,0.0,2013,2013,2013,IC50,B,1
ZBFFRSOBUFXEKD-UHFFFAOYSA-N,OC(c1ccc2[nH]c(-c3ccc(OCc4ccccc4)cc3)nc2c1)c1ccccc1C(F)(F)F,6.530177984021837,1,0.0,2013,2013,2013,IC50,B,1
PQRKPYLNZGDCFH-UHFFFAOYSA-N,CCCCCCCCC1=C(CCCCCCCC(=O)O)C1,6.522878745280337,1,0.0,2015,2015,2015,IC50,B,1
JCKWAMLBAVAUAV-UHFFFAOYSA-N,Cc1cnnc(N2CCC(Oc3cc(C(F)(F)F)ccc3Cl)CC2)n1,6.522878745280337,1,0.0,2015,2015,2015,IC50,B,1
VYFAQGQHDGPTQI-UHFFFAOYSA-N,Cc1nc(-n2cnn(CC3CC3(F)F)c2=O)sc1C(=O)NCc1cccnc1,6.514278573518419,1,0.0,2015,2015,2015,IC50,B,1
SSQGUNLQSXARJD-UHFFFAOYSA-N,Cc1csc(NC(=O)c2ccc(CNc3ccccc3C)nc2)n1,6.508638306165727,1,0.0,2018,2018,2018,IC50,B,1
JGJAWQWWGRTAPM-UHFFFAOYSA-N,O=C(NCc1nccs1)c1ccc2[nH]c(-c3ccc(Oc4ccccc4C(F)(F)F)cc3)nc2c1,6.504455662453552,1,0.0,2013,2013,2013,IC50,B,1
YRYCVYQUTHYAMW-UHFFFAOYSA-N,Cc1nnc(-c2ccc(N3CCC(c4noc5ccc(F)cc45)CC3)nn2)o1,6.501689446210399,1,0.0,2015,2015,2015,IC50,B,1
KTXDDPZEJKRBQG-UHFFFAOYSA-N,COc1ccc2ccn(C3CCN(c4ccc(-c5cnn(C)c5)nn4)CC3)c2c1,6.498940737782249,1,0.0,2015,2015,2015,IC50,B,1
DWEAHHDJPAAPFY-UHFFFAOYSA-N,Cc1ccc2c(c1)N(C1CCN(c3ccc(-c4cnn(C)c4)nn3)CC1)CC2,6.496335253231729,2,0.17203583310186094,2014,2015,2014,IC50,B,2
ADDGEJWTQLPRHJ-UHFFFAOYSA-N,Oc1nc2cnc(N3CCC(Oc4ccccc4C(F)(F)F)CC3)nc2[nH]1,6.496209316942819,1,0.0,2011,2011,2011,IC50,B,1
UOWHAXONWVKJBJ-UHFFFAOYSA-N,O=C(c1cc(-c2ccncn2)on1)N1CC(c2ccccc2)C1,6.493494967595128,1,0.0,2021,2021,2021,IC50,B,1
NJJGBNUYIOHKAB-UHFFFAOYSA-N,O=C(NCc1nccs1)c1ccc(N2CCN(C(=O)c3ccccc3C(F)(F)F)CC2)nn1,6.488116639021126,1,0.0,2013,2013,2013,IC50,B,1
ADEUYAXXUHPWMD-UHFFFAOYSA-N,Cc1nc(-n2ccc(OCC3CCCO3)cc2=O)sc1C(=O)NCc1ccccc1,6.482804102050025,1,0.0,2014,2014,2014,IC50,B,1
AAYLWJHTUQKURI-UHFFFAOYSA-N,O=C(O)Cn1nnc(-c2nnc(N3CCC4(CC3)Cc3ccccc3C(=O)O4)s2)n1,6.471083299722345,1,0.0,2015,2015,2015,IC50,B,1
BYTIXRGZCSORTK-UHFFFAOYSA-N,N#Cc1nccnc1NCC(=O)N1CCC(Oc2ccccc2Cl)CC1,6.468521082957745,1,0.0,2007,2007,2007,IC50,B,1
HANVIVWUPUOVJA-UHFFFAOYSA-N,COC1(c2cc(C(=O)Nc3cnn(Cc4cccc(F)c4)c3)no2)CCC1,6.468521082957745,1,0.0,2021,2021,2021,IC50,B,1
RZPKBRSPYLDGMK-UHFFFAOYSA-N,CS(=O)(=O)c1ccc2nc(-c3ccc(-c4cccc(O)c4)cc3)[nH]c2c1,6.465973893943865,1,0.0,2010,2010,2010,IC50,B,1
SIYKZRZVXFQNFN-UHFFFAOYSA-N,O=C(O)c1ccc(-c2ccc(N3CCC(n4ccc5ccc(F)cc54)CC3)nn2)cc1,6.45717457304082,1,0.0,2015,2015,2015,IC50,B,1
VXVXMSUTJUHXQD-UHFFFAOYSA-N,O=C(NCc1ccncc1)c1ncccc1NCC(=O)N1CCC(Oc2ccccc2C(F)(F)F)CC1,6.455931955649724,1,0.0,2007,2007,2007,IC50,B,1
YPFPMMAEALELIY-UHFFFAOYSA-N,O=C(Nc1cnn(Cc2ccccc2F)c1)c1cc(-c2ccco2)on1,6.443697499232712,1,0.0,2021,2021,2021,IC50,B,1
YBINHOUXNKFPGW-UHFFFAOYSA-N,O=C(O)Cn1nnc(-c2nnc(N3CCC4(CCc5c(O)cccc5O4)CC3)s2)n1,6.436518914605589,1,0.0,2015,2015,2015,IC50,B,1
WIASLCVAGCLOBE-UHFFFAOYSA-N,O=c1[nH]c(N2CCC(Oc3ccccc3C(F)(F)F)CC2)nc2[nH]cnc12,6.422508200162775,1,0.0,2011,2011,2011,IC50,B,1
WYEULJJLHMNLKA-UHFFFAOYSA-N,CNC(=O)c1ccc(-c2cc(C(=O)N3CCC(c4ccccc4)CC3)no2)cc1,6.42021640338319,1,0.0,2021,2021,2021,IC50,B,1
LTYKVUFYQBRYHV-UHFFFAOYSA-N,NC(=O)Cn1cc(-c2ccc(N3CCC(N4CCc5ccc(F)cc54)CC3)nn2)cn1,6.412289034981089,1,0.0,2015,2015,2015,IC50,B,1
IWDXBYQCZXUCBW-UHFFFAOYSA-N,CCCNC(=O)c1ncccc1NCC(=O)N1CCC(Oc2ccccc2C(F)(F)F)CC1,6.4089353929735005,1,0.0,2007,2007,2007,IC50,B,1
JSUIRJLRUPZRJL-UHFFFAOYSA-N,O=C(O)c1ccc(-c2ccc(N3CCC(N4CCc5ccc(F)cc54)CC3)nn2)cc1,6.4089353929735005,1,0.0,2014,2014,2014,IC50,B,1
PEQAVOGGCFURJQ-UHFFFAOYSA-N,Cn1cc(-c2ccc(N3CCC(N4CCc5ccc(CO)cc54)CC3)nn2)cn1,6.404503778174426,1,0.0,2015,2015,2015,IC50,B,1
VJVXNAFSDHYZBV-UHFFFAOYSA-N,Cc1nc(-n2cnn(CCCC(F)(F)F)c2=O)sc1C(=O)NCc1cccnc1,6.400116927926312,1,0.0,2015,2015,2015,IC50,B,1
RBWWUKNHEWKRGE-UHFFFAOYSA-N,COc1ccc2c(c1)N(C1CCN(c3ccc(-c4cnn(C)c4)nn3)CC1)CC2,6.39040559077478,1,0.0,2014,2014,2014,IC50,B,1
LKHLISSSJLKIRH-UHFFFAOYSA-N,COc1ccc(-c2nc3cnc(NCc4ccc(Cl)c(Cl)c4)nc3n(CCNC(C)=O)c2=O)cc1,6.3872161432802645,1,0.0,2009,2009,2009,IC50,B,1
MYIOLJAITUNEEU-UHFFFAOYSA-N,O=C(c1cc(-c2ccncc2)on1)N1CCC(c2ccccc2)CC1,6.3872161432802645,1,0.0,2021,2021,2021,IC50,B,1
DURSMDCRSLJCTD-UHFFFAOYSA-N,O=C(NCc1cccnc1)c1ncccc1NCC(=O)N1CCC(Oc2ccccc2C(F)(F)F)CC1,6.366531544420413,1,0.0,2007,2007,2007,IC50,B,1
KNSIPACIJBKWPJ-UHFFFAOYSA-N,O=C(NCc1ccc(Cl)s1)c1ccc2[nH]c(-c3ccc(Oc4ccccc4C(F)(F)F)cc3)nc2c1,6.357535479757878,1,0.0,2013,2013,2013,IC50,B,1
VLPCSVJCVLLLIL-UHFFFAOYSA-N,O=C(Nc1cnn(Cc2cccc(F)c2)c1)c1cc(-c2ccncn2)on1,6.357535479757878,1,0.0,2021,2021,2021,IC50,B,1
HRSBVCJITWRGQF-UHFFFAOYSA-N,Cc1nc(-n2ccc(C3CC3)cc2=O)sc1C(=O)NCc1ccccc1,6.339134521996131,1,0.0,2014,2014,2014,IC50,B,1
LQMNKCOKBBJKEL-UHFFFAOYSA-N,CNC(=O)c1nccnc1NCC(=O)N1CCC(Oc2c(F)cccc2F)CC1,6.327902142064282,1,0.0,2007,2007,2007,IC50,B,1
GKHYXEGARSHUEV-UHFFFAOYSA-N,O=C(Nc1cnn(Cc2ccccc2)c1)c1cc(-c2ccccc2)on1,6.327902142064282,1,0.0,2021,2021,2021,IC50,B,1
YXLBZGFGGWKRHW-UHFFFAOYSA-N,Cc1nc(-n2cnn(Cc3ccc(F)cc3)c2=O)sc1C(=O)NCc1cnn(C)c1,6.3214816209598865,1,0.0,2015,2015,2015,IC50,B,1
SXXDFMNSYQJQAM-UHFFFAOYSA-N,O=C(c1cc(-c2ccccc2)on1)N1CC(Oc2ccccc2)C1,6.309803919971486,1,0.0,2021,2021,2021,IC50,B,1
WUXVFDRDUKEWLP-UHFFFAOYSA-N,Cc1nc(-n2cnn(Cc3ccc(F)cc3)c2=O)sc1C(=O)NCc1cn(C)cn1,6.297569463554474,1,0.0,2015,2015,2015,IC50,B,1
ZMSGLYQOQFYEBI-UHFFFAOYSA-N,O=C(O)Cn1nnc(-c2cc(N3CC4CN(c5cc(F)ccc5Cl)CC4C3)no2)n1,6.286500520621731,2,1.8132137172660354,2012,2012,2012,IC50,B,1
IIBGJRZFQSFBFQ-UHFFFAOYSA-N,Cc1nc(N2CCN(Cc3ccccc3)C2=O)sc1C(=O)NCc1cccnc1,6.280668713016274,1,0.0,2014,2014,2014,IC50,B,1
HLMDZKBPECJZAW-UHFFFAOYSA-N,O=C(Nc1ccccc1)c1nccnc1NCC(=O)N1CCC(Oc2ccccc2Cl)CC1,6.259637310505756,1,0.0,2007,2007,2007,IC50,B,1
HRSJBLDLFPWRTI-UHFFFAOYSA-N,O=C(O)c1ccc(-c2ccc(N3CCC(Oc4ccccc4C(F)(F)F)CC3)nn2)cc1,6.259637310505756,1,0.0,2011,2011,2011,IC50,B,1
HLOGNBULKQGFPD-UHFFFAOYSA-N,Cn1cc(Cl)nc(N2CCC(Oc3ccccc3Cl)CC2)c1=O,6.259637310505756,1,0.0,2015,2015,2015,IC50,B,1
RVEDNFBVAKXYRX-UHFFFAOYSA-N,Cc1ccccc1OC1CCN(c2nc(Cl)cn(C)c2=O)CC1,6.259637310505756,1,0.0,2015,2015,2015,IC50,B,1
HHNRSGMHLOUJIQ-UHFFFAOYSA-N,Clc1ccccc1OC1CCN(c2nccnn2)CC1,6.259637310505756,1,0.0,2015,2015,2015,IC50,B,1
HSJCJAUHHNFFMJ-UHFFFAOYSA-N,FC(F)(F)c1ccccc1OC1CCN(c2nccnn2)CC1,6.259637310505756,1,0.0,2015,2015,2015,IC50,B,1
PRDNSHYLILKQEH-UHFFFAOYSA-N,Cc1nnc(N2CCC(Oc3cc(C(F)(F)F)ccc3Cl)CC2)nc1C,6.259637310505756,1,0.0,2015,2015,2015,IC50,B,1
MELJVOAVLZLNLL-UHFFFAOYSA-N,O=[N+]([O-])c1ccccc1OC1CCN(c2nccnn2)CC1,6.259637310505756,1,0.0,2015,2015,2015,IC50,B,1
PFTDBWKSVBQWLD-UHFFFAOYSA-N,CC1CN(c2nccnn2)CCC1Oc1cc(C(F)(F)F)ccc1Cl,6.259637310505756,1,0.0,2015,2015,2015,IC50,B,1
QWXMVJIXQUFDNT-UHFFFAOYSA-N,O=C(NCc1ccccc1)c1ncccc1NCC(=O)N1CCC(Oc2ccccc2Cl)CC1,6.251811972993799,1,0.0,2007,2007,2007,IC50,B,1
PDACCUWRIROUSQ-UHFFFAOYSA-N,O=C(O)Cn1nnc(-c2cc(OCCCOc3cc(F)ccc3Br)no2)n1,6.2492375912986855,2,1.6093447019020446,2012,2012,2012,IC50,B,1
IEQOHAXMMMRHNL-UHFFFAOYSA-N,O=C(O)CCc1cnc(NC(=O)c2ccc(CNc3ccccc3C(F)(F)F)cc2)s1,6.2441251443275085,1,0.0,2018,2018,2018,IC50,B,1
PSOBORQSDNHBBG-UHFFFAOYSA-N,COc1ccccc1C(=O)C1CCN(c2ccc(C(=O)NCC(O)c3ccccc3)nn2)CC1,6.243439164162727,2,0.373070169639399,2010,2010,2010,IC50,B,1
AHTHTZSSWIYCMO-UHFFFAOYSA-N,O=C(NCc1ccccc1)c1ccccc1NCC(=O)N1CCC(Oc2ccccc2Cl)CC1,6.236572006437063,1,0.0,2007,2007,2007,IC50,B,1
TZWBQCSHNHTYRV-UHFFFAOYSA-N,O=C(Nc1cnn(Cc2cccc(F)c2)c1)c1cc(-c2cccnc2)on1,6.229147988357855,1,0.0,2021,2021,2021,IC50,B,1
UOBSJRCSGINYIK-UHFFFAOYSA-N,O=C(NCC(O)c1cccnc1)c1ccc(N2CCC3(CC2)CCN(CCO)c2ccccc2O3)nn1,6.221848749616356,1,0.0,2011,2011,2011,IC50,B,1
SQWUULLGKKTQIS-UHFFFAOYSA-N,CC(C)c1cc(C(=O)Nc2cnn(Cc3ccccc3)c2)on1,6.221848749616356,1,0.0,2021,2021,2021,IC50,B,1
SNSYNTMEUZSUJK-UHFFFAOYSA-N,Cc1nc(-c2cncc(Cc3ccccc3)n2)sc1C(=O)NCc1ccccc1,6.209011524911184,1,0.0,2014,2014,2014,IC50,B,1
PTZIKDBJCFRPDZ-UHFFFAOYSA-N,COc1ccc2nc(NC(=O)c3ccc(Nc4ccccc4)cc3)sc2c1,6.2035786584344494,2,1.6305439231464374,2020,2020,2020,IC50,A;B,1
BHOBUXPHKZSABC-FQEVSTJZSA-N,COc1ccc2nc(NC(=O)c3ccc([C@@H](N)c4ccccc4)cc3)sc2c1,6.199513552156626,2,1.3511232436859753,2020,2020,2020,IC50,A;B,1
VEYLYUFAIWVHMJ-UHFFFAOYSA-N,Cc1cnnc(N2CCC(Oc3ccccc3Cl)CC2)n1,6.187086643357144,1,0.0,2015,2015,2015,IC50,B,1
CYTAKBDZAJHZGV-UHFFFAOYSA-N,CC1CN(c2nccnn2)CCC1Oc1cc(Cl)ccc1Cl,6.187086643357144,1,0.0,2015,2015,2015,IC50,B,1
WWBVCAKAKGRAPT-UHFFFAOYSA-N,FC(F)(F)c1ccc(Cl)c(OC2CCN(c3nccnn3)C2)c1,6.187086643357144,1,0.0,2015,2015,2015,IC50,B,1
VNZOYLVCXSIPLE-UHFFFAOYSA-N,Cc1nc(N2CCN(Cc3ccccc3)C2=O)sc1C(=O)NCc1ccncc1,6.1830961606243395,1,0.0,2014,2014,2014,IC50,B,1
AXJYGGLVVOCLNI-UHFFFAOYSA-N,CC(CNC(=O)c1ccc(N2CCN(C(=O)c3ccccc3C(F)(F)F)CC2)nn1)c1ccccc1,6.180456064458131,1,0.0,2013,2013,2013,IC50,B,1
TXAFTVWJSAFODA-UHFFFAOYSA-N,O=C(c1cc(-c2ccncc2)on1)N1CC(c2ccccc2)C1,6.180456064458131,1,0.0,2021,2021,2021,IC50,B,1
BHSMUQNJVDRFKR-UHFFFAOYSA-N,COc1ccc2nc(NC(=O)c3ccc([N+](=O)[O-])cc3)sc2c1,6.174360993000928,2,0.8789606334989726,2020,2020,2020,IC50,A;B,1
WFOFPVXMPTVOTJ-UHFFFAOYSA-N,Cc1nnc(-c2ccc(N3CCC(Oc4cc(F)ccc4Cl)CC3)nn2)o1,6.173925197299173,1,0.0,2017,2017,2017,IC50,B,1
FCNRROILAPCDRL-UHFFFAOYSA-N,Cc1nc(-n2cc(Cc3ccccc3)nn2)sc1C(=O)NCc1ccccc1,6.170696227168975,1,0.0,2014,2014,2014,IC50,B,1
HBMLQKCIZBUCIU-UHFFFAOYSA-N,Cn1cc(-c2ccc(N3CCC(n4ccc5c(F)cccc54)CC3)nn2)cn1,6.168770306132936,1,0.0,2015,2015,2015,IC50,B,1
PFEGOQVRJUBECN-UHFFFAOYSA-N,CN1CCC2(CCN(c3ccc(C(=O)NCC(O)c4cccnc4)nn3)CC2)Oc2ccccc21,6.154901959985743,1,0.0,2011,2011,2011,IC50,B,1
HZEFCPMPXSPQIF-UHFFFAOYSA-N,O=C(Nc1nc2ccccc2s1)c1ccc(-c2ccccc2)cc1,6.154901959985743,1,0.0,2020,2020,2020,IC50,B,1
QBLMECODYJQHHH-UHFFFAOYSA-N,O=C(Nc1cnn(Cc2ccccc2)c1)c1cc(-c2ccccn2)on1,6.154901959985743,1,0.0,2021,2021,2021,IC50,B,1
FCERPQDQSVNERQ-UHFFFAOYSA-N,O=C(O)Cn1nnc(-c2nnc(N3CCC4(CC3)CC(=O)c3ccccc3O4)s2)n1,6.149966742310231,1,0.0,2015,2015,2015,IC50,B,1
CROPIEGDJHLTST-UHFFFAOYSA-N,O=C(NCc1ccccn1)c1cc(-n2cnn(Cc3ccc(F)cc3)c2=O)n[nH]1,6.142667503568731,1,0.0,2015,2015,2015,IC50,B,1
RFPQSFCICWNNNL-UHFFFAOYSA-N,Cc1cccc(C(=O)Nc2nc3ccccc3s2)c1,6.136677139879544,1,0.0,2020,2020,2020,IC50,B,1
PPAPDAGBWCPVAF-UHFFFAOYSA-N,O=C(c1cc(-c2ccccc2)on1)N1CCN(c2ccccc2)CC1,6.136677139879544,1,0.0,2021,2021,2021,IC50,B,1
CTZLXTQEVUMJMU-UHFFFAOYSA-N,CC(C)(C)c1ccc2nc(-c3ccc(-c4ccccc4F)cc3)[nH]c2c1,6.13608262304214,1,0.0,2010,2010,2010,IC50,B,1
KGEGBYYBJVGGQI-UHFFFAOYSA-N,O=C(Nc1cnn(Cc2cccc(F)c2)c1)c1cc(C2COC2)on1,6.132532512140949,1,0.0,2021,2021,2021,IC50,B,1
BESDIJMOOGUNEC-UHFFFAOYSA-N,COc1ccc2nc(NC(=O)c3ccc(C(=O)N4CCCCC4)cc3)sc2c1,6.129818655252878,2,0.18359130290765724,2020,2020,2020,IC50,A;B,1
WXYKOSAXCPQDGN-UHFFFAOYSA-N,CCCCN1CCN(c2nc(C)c(C(=O)NCc3cccnc3)s2)C1=O,6.126098402135538,1,0.0,2014,2014,2014,IC50,B,1
WJJKHUYDDQZWEH-UHFFFAOYSA-N,FC(F)(F)c1ccccc1OC1CCN(c2nc3ncccc3s2)CC1,6.1220530483708115,1,0.0,2011,2011,2011,IC50,B,1
LFBACDLGCJVAMX-UHFFFAOYSA-N,NC(=O)c1cn(Cc2cc(Br)c(Br)c(Br)c2)nn1,6.119186407719209,1,0.0,2011,2011,2011,IC50,B,1
QHWTUKKWKMORTI-UHFFFAOYSA-N,Cc1csc(NC(=O)c2ccc(CNc3ccc(Cl)cc3)cc2)n1,6.119186407719209,1,0.0,2018,2018,2018,IC50,B,1
SLWPPOJXOVDYRG-UHFFFAOYSA-N,COC(=O)Nc1cnc(N2CCC(Oc3ccccc3C(F)(F)F)CC2)s1,6.110698297493689,1,0.0,2010,2010,2010,IC50,B,1
AMBCBOPNWFNGRX-UHFFFAOYSA-N,O=C(NCCc1ccccc1)c1ncccc1NCC(=O)N1CCC(Oc2ccccc2C(F)(F)F)CC1,6.107905397309519,1,0.0,2007,2007,2007,IC50,B,1
QRBORTBSPFTFBT-UHFFFAOYSA-N,O=C(O)Cc1cncc(-c2ccc(N3CCC(Oc4cc(F)ccc4Br)CC3)nn2)c1,6.107905397309519,1,0.0,2011,2011,2011,IC50,B,1
DIIHHZJGTKSBTH-UHFFFAOYSA-N,Cc1nc(-n2ccc(O)cc2=O)sc1C(=O)NCCC1CC1,6.106238237942057,1,0.0,2014,2014,2014,IC50,B,1
HFTPWWWEDCJNRU-UHFFFAOYSA-N,Cc1ccc(Cn2cnc3ccc(NC(=O)OCc4ccccc4)cc3c2=O)cc1C,6.102372908709558,1,0.0,2009,2009,2009,IC50,B,1
MICGRTLHXGYMDR-UHFFFAOYSA-N,O=C(NCCc1ccccc1)c1ccc(N2CCN(C(=O)c3ccccc3C(F)(F)F)CC2)cc1,6.086186147616283,1,0.0,2010,2010,2010,IC50,B,1
WIDMBOPKLMRSFC-UHFFFAOYSA-N,COc1ccc(C(=O)N(C)c2ncc(Cc3cccc(C(F)(F)F)c3)s2)cc1OCCO,6.081969663215119,1,0.0,2009,2009,2009,IC50,B,1
RFEDIUPOYRAACU-UHFFFAOYSA-N,COc1ccc2nc(NC(=O)c3ccc(OCc4ccccc4)cc3)sc2c1,6.068041311521069,2,1.8363424979752505,2020,2020,2020,IC50,A;B,1
DKUXIOHAIPEDEC-UHFFFAOYSA-N,O=C(c1cc(-c2ccc3c(c2)OCO3)on1)N1CC(c2cccc(F)c2)C1,6.062482107982653,1,0.0,2021,2021,2021,IC50,B,1
HDBOHAFZZFIARA-UHFFFAOYSA-N,COc1ccc(C(=O)Nc2ncc(C(O)c3cccc(C(F)(F)F)c3)s2)cc1OCCO,6.053547734986926,1,0.0,2009,2009,2009,IC50,B,1
SVTBUTPWEOUGGT-UHFFFAOYSA-N,O=C(O)Cn1nnc(-c2nnc(N3CCC(Oc4cc(F)ccc4Br)CC3)s2)n1,6.043831569524636,1,0.0,2011,2011,2011,IC50,B,1
GOWJXFXDCTYGBW-UHFFFAOYSA-N,COc1cccc(C(=O)Nc2ncc(Cc3cccc(C(F)(F)F)c3)s2)c1,6.0385789059335515,1,0.0,2009,2009,2009,IC50,B,1
MAALNCIWVRSQCA-UHFFFAOYSA-N,Cn1cc(-c2ccc(N3CCC(n4nnc5ccccc54)CC3)nn2)cn1,6.027334407733889,1,0.0,2015,2015,2015,IC50,B,1
WAQGCAIWRVWZEO-UHFFFAOYSA-N,COC1(c2cc(C(=O)Nc3cnn(Cc4ccccc4)c3)no2)CCC1,6.026872146400301,1,0.0,2021,2021,2021,IC50,B,1
ZDLJGSZDJWXELF-UHFFFAOYSA-N,Cc1nc(-n2cnn(Cc3ccc(F)cc3)c2=O)sc1C(N)=O,6.0245681914907365,1,0.0,2015,2015,2015,IC50,B,1
BOINOOJVPIKLSZ-UHFFFAOYSA-N,O=C(O)Cn1nnc(-c2cnc(OCCCOc3cc(OC(F)(F)F)ccc3Br)s2)n1,6.013676222949234,1,0.0,2012,2012,2012,IC50,B,1
LIXWEHRBNXAJQM-UHFFFAOYSA-N,N#Cc1ccc(-c2cc(C(=O)Nc3cnn(Cc4ccccc4)c3)no2)cc1,6.008773924307505,1,0.0,2021,2021,2021,IC50,B,1
XWMYAKWYAWAMPO-UHFFFAOYSA-N,Cc1ncc(-c2cc(C(=O)Nc3cnn(Cc4cccc(F)c4)c3)no2)o1,6.00436480540245,1,0.0,2021,2021,2021,IC50,B,1
UTVXGMXIEZCHNS-UHFFFAOYSA-N,NS(=O)(=O)c1cnc(N2CCC(Oc3ccccc3C(F)(F)F)CC2)s1,5.991825815993574,1,0.0,2010,2010,2010,IC50,B,1
KHZYPVIQTUBFJE-UHFFFAOYSA-N,CCCCCCCNC(=O)c1ccc(N2CCN(C(=O)c3ccccc3C(F)(F)F)CC2)nn1,5.958607314841775,1,0.0,2013,2013,2013,IC50,B,1
FESSLFCHRGAANQ-UHFFFAOYSA-N,COc1ccc(C(=O)Nc2nc3ccc(OC)cc3s2)cc1,5.958607314841775,1,0.0,2020,2020,2020,IC50,B,1
JOLGFTHCESKVEO-UHFFFAOYSA-N,CC(=O)c1cc(C(=O)Nc2cnn(Cc3cccc(F)c3)c2)no1,5.958607314841775,1,0.0,2021,2021,2021,IC50,B,1
YBNHIXIOLBFOOE-UHFFFAOYSA-N,O=C(O)c1cccc(-c2ccc(N3CCC(Oc4ccccc4C(F)(F)F)CC3)nn2)c1,5.953504835665292,1,0.0,2011,2011,2011,IC50,B,1
CACZFXNLHCSKAL-UHFFFAOYSA-N,COc1ccc2nc(NC(=O)c3ccc(N)cc3)sc2c1,5.947074662807428,2,1.823624632005109,2020,2020,2020,IC50,A;B,1
YYLZEIUVJBDDJF-UHFFFAOYSA-N,O=C(Nc1ccc(Oc2cccnc2)c(C(=O)NCc2ccc(Cl)c(Cl)c2)c1)OCc1ccccc1,5.939302159646388,1,0.0,2009,2009,2009,IC50,B,1
ONAJXVCYMGATIT-UHFFFAOYSA-N,O=C(NCc1nccs1)c1ccc2[nH]c(-c3ccc(Oc4ccccc4Cl)cc3)nc2c1,5.935542010773082,1,0.0,2013,2013,2013,IC50,B,1
VMDYSIORBHDRQP-UHFFFAOYSA-N,O=C(Nc1cnn(Cc2cccc(F)c2)c1)c1cc(-c2ncccc2F)on1,5.920818753952375,1,0.0,2021,2021,2021,IC50,B,1
JGRMUIIVSDKLCZ-UHFFFAOYSA-N,COc1ccc(C(=O)Nc2ncc(Cc3cccc(C(F)(F)F)c3)s2)cc1,5.914352711703144,1,0.0,2009,2009,2009,IC50,B,1
QGBKZJBVPXFYGH-UHFFFAOYSA-N,COc1ccc2sc(NC(=O)c3ccc([N+](=O)[O-])cc3)nc2c1,5.914136773173384,2,0.9256020166704629,2020,2020,2020,IC50,A;B,1
PEDJHCMYIVIMPX-UHFFFAOYSA-N,CCS(=O)(=O)c1ccc2nc(-c3ccc(-c4ccccc4F)cc3)[nH]c2c1,5.883392256011751,1,0.0,2010,2010,2010,IC50,B,1
RWXHNRBFFHRSLQ-UHFFFAOYSA-N,O=C(NCc1ccc(Cl)s1)c1ccc2[nH]c(-c3ccc(Oc4ccccc4Cl)cc3)nc2c1,5.866461091629782,1,0.0,2013,2013,2013,IC50,B,1
VAHVWEIUWRWGMO-UHFFFAOYSA-N,O=C(Nc1ccncc1)c1ccc(COc2ccccc2Cl)cc1,5.853871964321762,1,0.0,2018,2018,2018,IC50,B,1
HZJOQDIJBARWDQ-UHFFFAOYSA-N,COc1cc(C(=O)Nc2ncc(Cc3cccc(C(F)(F)F)c3)s2)ccc1OCCN1CCOCC1,5.85325198636936,1,0.0,2009,2009,2009,IC50,B,1
KFNLQPPLNYTFSC-UHFFFAOYSA-N,Cc1nc(-n2ccc(C(F)(F)F)cc2=O)sc1C(=O)NCc1ccccc1,5.821023052706831,1,0.0,2014,2014,2014,IC50,B,1
RHPXWRYYGZAEAP-UHFFFAOYSA-N,O=C(c1cc(-c2ccc3c(c2)OCO3)on1)N1CC(c2ccccc2)C1,5.804100347590767,1,0.0,2021,2021,2021,IC50,B,1
MKBVUBPZHVXUHQ-UHFFFAOYSA-N,C#Cc1cc(C(=O)Nc2cnn(Cc3cccc(F)c3)c2)no1,5.795880017344075,1,0.0,2021,2021,2021,IC50,B,1
YUHHIMVJGVOQJM-UHFFFAOYSA-N,O=C(c1cc(-c2ccc(F)cn2)on1)N1CC(c2ccccc2)C1,5.795880017344075,1,0.0,2021,2021,2021,IC50,B,1
JSOGDVANKKEGRE-UHFFFAOYSA-N,COc1ccc(-c2nc3cnc(NCc4ccc(Cl)c(Cl)c4)nc3n(CCNS(C)(=O)=O)c2=O)cc1,5.777283528852417,1,0.0,2009,2009,2009,IC50,B,1
KMQBABMBEFDUTM-UHFFFAOYSA-N,Cc1nc(-n2ccc(O)cc2=O)sc1C(=O)NCC1CC1,5.771599641296995,1,0.0,2014,2014,2014,IC50,B,1
NMXNGDRZMHTXDQ-UHFFFAOYSA-N,CS(=O)(=O)c1ccc2nc(-c3ccc(-c4ccoc4)cc3)[nH]c2c1,5.768275616671484,1,0.0,2010,2010,2010,IC50,B,1
GOKOILBJPWVKQU-UHFFFAOYSA-N,O=C(Nc1nc2ccccc2s1)c1ccc([N+](=O)[O-])cc1,5.755724641749778,2,1.553014837065002,2020,2020,2020,IC50,A;B,1
LELDXIXNROTYAC-UHFFFAOYSA-N,CS(=O)(=O)c1ccc2nc(-c3ccc(-c4ccccn4)cc3)[nH]c2c1,5.75448733218585,1,0.0,2010,2010,2010,IC50,B,1
VQDGJZNIRTTYKE-UHFFFAOYSA-N,Cc1nn(Cc2ccccc2)cc1NC(=O)c1cc(-c2ccccc2)on1,5.73754891026957,1,0.0,2021,2021,2021,IC50,B,1
XCOGDUQHGXZRBZ-UHFFFAOYSA-N,O=C(c1cc(-c2ccccc2)on1)N1CC(CCl)(CNc2ccccc2)C1,5.730487055782084,1,0.0,2021,2021,2021,IC50,B,1
LHQOEJHESJBERR-UHFFFAOYSA-N,Cc1nc(-c2noc(Cc3ccccc3)n2)sc1C(=O)NCc1ccccc1,5.71556926615548,1,0.0,2014,2014,2014,IC50,B,1
USNMRCHOYBFQQS-OAHLLOKOSA-N,O=C(Nc1cnn(Cc2ccccc2)c1)c1cc(N2CC[C@@H](O)C2)on1,5.698970004336019,1,0.0,2021,2021,2021,IC50,B,1
NWSZMBDPBUPCIO-UHFFFAOYSA-N,C#CCOc1ccc(C(=O)c2ccc(C(=O)Nc3nc4ccc(OC)cc4s3)cc2)cc1,5.697347476929445,2,1.6810886310113256,2020,2020,2020,IC50,A;B,1
KZFYPQVFULYDPI-UHFFFAOYSA-N,O=C(Nc1cnn(Cc2cccc(F)c2)c1)c1cc(-c2ccccn2)on1,5.690369832574101,1,0.0,2021,2021,2021,IC50,B,1
DWXRGOPEKBFEDL-UHFFFAOYSA-N,COc1cc2sc(NC(=O)c3ccc(C(=O)c4ccccc4)cc3)nc2cc1Br,5.687910537125989,2,0.7449506098348045,2020,2020,2020,IC50,A;B,1
OHMBEUUABMUSQV-UHFFFAOYSA-N,C#CCNC(=O)c1ccc(C(=O)Nc2nc3ccc(OC)cc3s2)cc1,5.668621084159213,2,1.8828541194396287,2020,2020,2020,IC50,A;B,1
GNHDSIPBZINXQG-UHFFFAOYSA-N,COc1ccc(C(=O)Nc2ncc(Cc3cccc(C(F)(F)F)c3)s2)cc1OCC(C)O,5.665144310382709,1,0.0,2009,2009,2009,IC50,B,1
ZLESCZTUYINREP-GOSISDBHSA-N,Cc1nc(N2C[C@@H](Cc3ccccc3)NC2=O)sc1C(=O)NCc1ccccc1,5.662540738709344,1,0.0,2014,2014,2014,IC50,B,1
JSKCBBJNQMKSTI-UHFFFAOYSA-N,Cc1cnc(CNC(=O)c2ccc(N3CCN(C(=O)c4ccccc4C(F)(F)F)CC3)nn2)cn1,5.648010544564368,1,0.0,2013,2013,2013,IC50,B,1
FMHBOXDGWUJYGP-UHFFFAOYSA-N,CS(=O)(=O)c1ccc2nc(-c3ccc(-c4ccc(O)cc4)cc3)[nH]c2c1,5.63339028960757,1,0.0,2010,2010,2010,IC50,B,1
HLTZCMCWHWUHJJ-UHFFFAOYSA-N,O=C(NCCC1CC1)c1ccc2[nH]c(-c3ccc(Oc4ccccc4Cl)cc3)nc2c1,5.630784142589857,1,0.0,2013,2013,2013,IC50,B,1
QKWLRODKIRAAQF-UHFFFAOYSA-N,CC(C)CCNC(=O)c1ccc(N2CCN(C(=O)c3ccccc3C(F)(F)F)CC2)cn1,5.619788758288394,1,0.0,2013,2013,2013,IC50,B,1
AUMGRXRGVZVLTD-UHFFFAOYSA-N,O=C(Nc1cnn(Cc2cccc(F)c2)c1)c1cc(-c2ccncc2)on1,5.617982957425132,1,0.0,2021,2021,2021,IC50,B,1
STTTWRHBLPZGHA-UHFFFAOYSA-N,O=C(O)c1cncc(-c2ccc(N3CCC(Oc4cc(F)ccc4Br)CC3)nc2)c1,5.617622696531886,1,0.0,2011,2011,2011,IC50,B,1
LUBIGWIZKPNYAR-UHFFFAOYSA-N,COc1ccc(Cl)c(N2CC3CN(c4ncc(-c5nnn(CC(=O)O)n5)s4)CC3C2)c1,5.610833915635467,1,0.0,2012,2012,2012,IC50,B,1
ZEJRGJKYGUNDPO-UHFFFAOYSA-N,COc1ccc(-c2nc3ccc(NCc4ccc(C(F)(F)F)cc4)nc3n(CCNC(C)=O)c2=O)cc1,5.6020599913279625,1,0.0,2009,2009,2009,IC50,B,1
XRRGXLPXVXJOOD-UHFFFAOYSA-N,COc1ccc2nc(NC(=O)c3ccc(C(=O)N4CCOCC4)cc3)sc2c1,5.6020599913279625,1,0.0,2020,2020,2020,IC50,B,1
POOHHJFOXPYZBG-UHFFFAOYSA-N,O=C(c1cc(-c2ccncn2)on1)N1CC(Cc2ccccc2)C1,5.6020599913279625,1,0.0,2021,2021,2021,IC50,B,1
BKFXBZYLQGXCNC-UHFFFAOYSA-N,Cc1nc(-n2ccccc2=O)sc1C(=O)NCc1ccccc1,5.595850750790305,1,0.0,2014,2014,2014,IC50,B,1
FNDFGNMCQOJEDG-UHFFFAOYSA-N,COc1cccc(C(=O)Nc2nc3ccc(OC)cc3s2)c1,5.593209505715904,2,1.2946118249830736,2020,2020,2020,IC50,A;B,1
ILZYZWRBEDSLMR-UHFFFAOYSA-N,O=C(c1cc(-c2ccco2)on1)N1CC(c2ccccc2)C1,5.59176003468815,1,0.0,2021,2021,2021,IC50,B,1
CTBMGYGHXFJGEB-UHFFFAOYSA-N,Cc1nc(-n2ccc(-c3ccccc3)cc2=O)sc1C(=O)NCc1ccccc1,5.588717086982616,1,0.0,2014,2014,2014,IC50,B,1
CBKLMRDZFFLXSZ-UHFFFAOYSA-N,O=C(c1cc(-c2ccccn2)on1)N1CC(c2ccccc2)C1,5.583359492661719,1,0.0,2021,2021,2021,IC50,B,1
XNDFTRNFNLLUBC-UHFFFAOYSA-N,Cc1nc(NC(=O)Cc2ccccc2)sc1C(=O)NCc1ccccc1,5.572351628813067,1,0.0,2014,2014,2014,IC50,B,1
BATNUQRJIVXLQP-UHFFFAOYSA-N,O=C(O)CCCc1csc(NC(=O)c2ccc(CNc3ccccc3C(F)(F)F)cc2)n1,5.568636235841012,1,0.0,2018,2018,2018,IC50,B,1
TZPVKYRYMPBIAR-UHFFFAOYSA-N,COC(=O)c1ccccc1NCc1ccc(C(=O)Nc2nc(C)cs2)cc1,5.568636235841012,1,0.0,2018,2018,2018,IC50,B,1
QRPLDPMGPWGQNY-UHFFFAOYSA-N,NC(=O)c1n[nH]c(N2CCC(Oc3ccccc3C(F)(F)F)CC2)n1,5.54928912185308,1,0.0,2010,2010,2010,IC50,B,1
BQOYGEFWXGYNCU-UHFFFAOYSA-N,O=C(Nc1cnn(Cc2cccc(F)c2)c1)c1cc(C2(O)CCC2)on1,5.508638306165727,1,0.0,2021,2021,2021,IC50,B,1
ASCUJQMVGSBUKG-UHFFFAOYSA-N,CC(C)(C)OC(=O)n1cc(NC(=O)c2cc(-c3ccccc3)on2)cn1,5.489454989793388,1,0.0,2021,2021,2021,IC50,B,1
JHJVFLOLUAWEGE-UHFFFAOYSA-N,O=C(c1cc(-c2ccc3c(c2)OCO3)on1)N1CC=C(c2cc(F)ccc2Cl)CC1,5.485452247339714,1,0.0,2021,2021,2021,IC50,B,1
SRCWAZLLMRPCKV-UHFFFAOYSA-N,COc1ccc(-c2cc(C(=O)N3CC(c4cccc(F)c4)C3)no2)cc1OC,5.47755576649368,1,0.0,2021,2021,2021,IC50,B,1
VXKPHGDXQWIXKS-UHFFFAOYSA-N,O=C(c1cc(-c2ccc(Cl)cn2)on1)N1CC(c2ccccc2)C1,5.471083299722345,1,0.0,2021,2021,2021,IC50,B,1
FQXAGAGVHFSQNC-UHFFFAOYSA-N,Cc1csc(NC(=O)c2ccc(CNc3ccccc3C(=O)O)cc2)n1,5.443697499232712,1,0.0,2018,2018,2018,IC50,B,1
NMJYCAZVENRMQN-UHFFFAOYSA-N,O=C(c1cc(-c2cccnc2)on1)N1CCC(c2ccccc2)CC1,5.415668775632469,1,0.0,2021,2021,2021,IC50,B,1
YUPHLTIAZRSGKU-UHFFFAOYSA-N,O=C(O)Cn1nnc(-c2cnc(OCCCOc3cc(F)ccc3Br)s2)n1,5.412289034981089,1,0.0,2012,2012,2012,IC50,B,1
UVZGQUPSLPXTCE-UHFFFAOYSA-N,O=C(Nc1cnn(Cc2cccc(F)c2)c1)c1cc(Cl)on1,5.4089353929735005,1,0.0,2021,2021,2021,IC50,B,1
HDMMPHYKRJFCHA-UHFFFAOYSA-N,COc1ccc(-c2nc3cnc(NCc4ccc(Cl)c(Cl)c4)nc3n(CCNC(=O)c3ccsc3)c2=O)cc1,5.3979400086720375,1,0.0,2009,2009,2009,IC50,B,1
WDBWESHSYASXHU-UHFFFAOYSA-N,CNC(=O)c1cnc(N2CCN(C(=O)c3ccccc3C(F)(F)F)CC2)s1,5.3979400086720375,1,0.0,2009,2009,2009,IC50,B,1
IEQKUTWVYAHKLS-UHFFFAOYSA-N,O=C(Nc1cnn(Cc2ccccc2)c1)c1cc(-c2ccncn2)on1,5.3979400086720375,1,0.0,2021,2021,2021,IC50,B,1
FBMGHVBJNLZMPL-UHFFFAOYSA-N,CNC(=O)c1cc(C(=O)N2CCC(c3ccccc3)C2)no1,5.377785977033705,1,0.0,2021,2021,2021,IC50,B,1
UBCCMDWWWBPHGT-UHFFFAOYSA-N,O=C(O)Cn1nnc(-c2cnc(N3CCN(c4cc(F)ccc4Cl)CC3)s2)n1,5.376750709602099,1,0.0,2012,2012,2012,IC50,B,1
HZBKWRLKOSIYKI-UHFFFAOYSA-N,CS(=O)(=O)c1ccc2nc(-c3ccc(-c4ccncc4)cc3)[nH]c2c1,5.37202001017002,1,0.0,2010,2010,2010,IC50,B,1
XHNVHKJYGLTCDQ-UHFFFAOYSA-N,COc1cc(C(=O)Nc2ncc(Cc3cccc(C(F)(F)F)c3)s2)ccc1OCC(=O)O,5.358823453386886,1,0.0,2009,2009,2009,IC50,B,1
LDBGXPILVWESEX-UHFFFAOYSA-N,O=C(O)c1cncc(-c2cnc(N3CCC(Oc4cc(F)ccc4Br)CC3)nn2)c1,5.350081281264581,1,0.0,2011,2011,2011,IC50,B,1
UZKNQJBFOJXZAS-UHFFFAOYSA-N,O=C(c1cc(-c2ccccc2)on1)N1CC(c2ccccc2)C1,5.3448615651886175,1,0.0,2021,2021,2021,IC50,B,1
YGUNSISMZUVZGU-UHFFFAOYSA-N,COc1ccc(-c2nc3cnc(NCc4cccc(Cl)c4)nc3n(CCNC(C)=O)c2=O)cc1,5.337242168318426,1,0.0,2009,2009,2009,IC50,B,1
JGFCNTHQBVGYLN-UHFFFAOYSA-N,N#Cc1cccc(-c2cc(C(=O)Nc3cnn(Cc4ccccc4)c3)no2)c1,5.335358024443874,1,0.0,2021,2021,2021,IC50,B,1
WNTTXHZYSIFTGA-UHFFFAOYSA-N,O=C(Nc1cnn(Cc2ccccc2)c1)c1cc(-c2ncccc2F)on1,5.327902142064282,1,0.0,2021,2021,2021,IC50,B,1
LAYNIDVNMKRZNL-UHFFFAOYSA-N,COc1ccc2nc(NC(=O)c3ccc(F)cc3)sc2c1,5.323908740944319,2,1.0208482916895114,2020,2020,2020,IC50,A;B,1
WTEUXABBNMOHMF-UHFFFAOYSA-N,O=C(c1cc(-c2ccccc2)on1)N1CC=C(c2cc(F)ccc2Cl)CC1,5.318758762624412,1,0.0,2021,2021,2021,IC50,B,1
RZWTWXUTZXSMLZ-UHFFFAOYSA-N,O=C(O)c1cncc(-c2ccc(N3CCC(Oc4ccccc4I)CC3)nn2)c1,5.29413628771608,1,0.0,2011,2011,2011,IC50,B,1
JWUPYMWDGFQZOR-UHFFFAOYSA-N,COCc1ncc(-c2cc(C(=O)Nc3cnn(Cc4ccccc4)c3)no2)s1,5.2910694641933835,1,0.0,2021,2021,2021,IC50,B,1
HSVQVZRHBHJQAH-UHFFFAOYSA-N,O=C(Nc1cnn(Cc2ccccc2)c1)c1cc(-c2ccncc2Cl)on1,5.274088367704952,1,0.0,2021,2021,2021,IC50,B,1
FLTDSTBWKYBFSI-UHFFFAOYSA-N,O=C(Nc1ncc(-c2ccccc2)s1)c1ccc(C(=O)c2ccccc2)cc1,5.268801001050522,2,0.04557868128400325,2020,2020,2020,IC50,A;B,1
LJVIDRQEMOHZLB-UHFFFAOYSA-N,COc1ccc2nc(NC(=O)c3cccc(C)c3)sc2c1,5.261439372640169,2,0.9325032638009025,2020,2020,2020,IC50,A;B,1
NJGBDSGCWOKYIM-UHFFFAOYSA-N,O=C(Nc1cnn(Cc2ccccc2)c1)c1cc(-c2ccncc2)on1,5.2441251443275085,1,0.0,2021,2021,2021,IC50,B,1
OQSREKGKYADMAN-UHFFFAOYSA-N,CC(C)(C)OC(=O)Nc1cc(C(=O)Nc2cnn(Cc3ccccc3)c2)no1,5.236572006437063,1,0.0,2021,2021,2021,IC50,B,1
GKRDSGDSMIVUKZ-UHFFFAOYSA-N,O=C(NCCC1CC1)c1ccc(N2CCN(C(=O)c3cnc(Cl)nc3C(F)(F)F)CC2)nn1,5.231361898752386,1,0.0,2013,2013,2013,IC50,B,1
KVIOEAUYNRBING-UHFFFAOYSA-N,O=C(Nc1cnn(Cc2cnccc2C(F)(F)F)c1)c1cc(-c2ccncn2)on1,5.221848749616356,1,0.0,2021,2021,2021,IC50,B,1
FUIDQGZBUBUWMJ-UHFFFAOYSA-N,O=C(c1cc(-c2ccc3c(c2)OCO3)on1)N1CCC(Oc2ccccc2)CC1,5.206209615309181,1,0.0,2021,2021,2021,IC50,B,1
FPOAPVSGDGLPOJ-UHFFFAOYSA-N,CNC(=O)c1nccnc1NCC(=O)N1CCC(Oc2ccccc2)CC1,5.200659450546418,1,0.0,2007,2007,2007,IC50,B,1
KFLRCBGJPSBTOG-UHFFFAOYSA-N,O=C(O)Cn1nnc(-c2cncc(-c3cn(Cc4cc(Br)c(Br)c(Br)c4)nn3)c2)n1,5.200108315343135,1,0.0,2011,2011,2011,IC50,B,1
RCFIAUNRSNNZEN-UHFFFAOYSA-N,COc1ccc2nc(NC(=O)c3cccnc3)sc2c1,5.19520279538739,2,1.0796170249893062,2020,2020,2020,IC50,A;B,1
OWUBZQNYYJEHEA-UHFFFAOYSA-N,CCCCCCNC(=O)c1ncc(N2CCN(C(=O)c3ccccc3C(F)(F)F)CC2)cn1,5.1938200260161125,1,0.0,2013,2013,2013,IC50,B,1
FOCNQDSZOCWDPV-UHFFFAOYSA-N,NC(=O)c1csc(N2CCC(Oc3ccccc3C(F)(F)F)CC2)n1,5.1855526214775125,1,0.0,2010,2010,2010,IC50,B,1
KEPSLZQTCUYSFZ-UHFFFAOYSA-N,O=C(O)c1cncc(-c2cnc(N3CCC(Oc4cc(F)ccc4Br)CC3)cn2)c1,5.172953982995265,1,0.0,2011,2011,2011,IC50,B,1
PEKDBFISGGSXDM-UHFFFAOYSA-N,O=C(Nc1cnn(Cc2ccccc2)c1)c1cc(-c2ccns2)on1,5.15676722190199,1,0.0,2021,2021,2021,IC50,B,1
MGDLSFHPYZPDSM-UHFFFAOYSA-N,O=C(NCc1ccccc1)c1cccc(NCC(=O)N2CCC(Oc3ccccc3C(F)(F)F)CC2)n1,5.136677139879544,1,0.0,2007,2007,2007,IC50,B,1
ATWRKBUXSXUGPN-UHFFFAOYSA-N,NC(=O)c1cc(C(=O)N2CCC(c3ccccc3)C2)no1,5.118615343229427,1,0.0,2021,2021,2021,IC50,B,1
XBIKGHUEZUZQDW-UHFFFAOYSA-N,O=C(Nc1cnn(Cc2cccc(F)c2)c1)c1cc(-c2nncs2)on1,5.086186147616283,1,0.0,2021,2021,2021,IC50,B,1
GFXZMOOBBBEVIL-UHFFFAOYSA-N,O=C(O)c1cncc(-c2ccc(N3CCC(Oc4cc(F)c(F)cc4Br)CC3)nn2)c1,5.0828096914884355,1,0.0,2011,2011,2011,IC50,B,1
ARPJLXJZGILMIN-UHFFFAOYSA-N,O=C(Nc1nc(-c2ccccc2)cs1)c1ccc(C(=O)c2ccccc2)cc1,5.0773579368260044,2,0.354323013021961,2020,2020,2020,IC50,A;B,1
DPSNXTLWYRQDPJ-UHFFFAOYSA-N,O=C(Nc1cnn(Cc2ccccc2)c1)c1cc(-c2nccs2)on1,5.050609993355087,1,0.0,2021,2021,2021,IC50,B,1
FTKQRUKADZDJIM-UHFFFAOYSA-N,COc1ccc(C(=O)Nc2nc3ccccc3s2)cc1,5.046832479097454,2,0.7611214985502198,2020,2020,2020,IC50,A;B,1
NQVMBAMCJBAWKS-UHFFFAOYSA-N,C=C(C)c1cc(C(=O)Nc2cnn(Cc3ccccc3)c2)on1,5.045757490560675,1,0.0,2021,2021,2021,IC50,B,1
HEZALYJTWXTLDU-QWRGUYRKSA-N,O=C(O)Cn1nnc(-c2cnc(N3C[C@@H]4C[C@H]3CN4c3cc(F)ccc3Cl)s2)n1,5.039053804266169,1,0.0,2012,2012,2012,IC50,B,1
ONMVTROUICUNPL-UHFFFAOYSA-N,O=C(Nc1cnn(Cc2ccccc2F)c1)c1cc(-c2ccccc2)on1,5.026872146400301,1,0.0,2021,2021,2021,IC50,B,1
XOUHTFHLCHSXCX-UHFFFAOYSA-N,O=C(O)c1cncc(-c2cnc(N3CCC(Oc4cc(F)ccc4Br)CC3)nc2)c1,5.025856900097786,1,0.0,2011,2011,2011,IC50,B,1
FNRATZPGWXUVAU-UHFFFAOYSA-N,Cc1nc(-c2cn(Cc3ccccc3)nn2)sc1C(=O)NCc1ccccc1,5.0007389288869,1,0.0,2014,2014,2014,IC50,B,1
HQZYPXRPDCWUAU-UHFFFAOYSA-N,Fc1ccc(Br)c(OC2CCN(c3nc4ccccc4s3)CC2)c1,4.973099191109744,1,0.0,2011,2011,2011,IC50,B,1
HSLMFPUWULEOJG-UHFFFAOYSA-N,O=C(Nc1cnn(Cc2ccccc2)c1)c1cc(-c2cnsc2)on1,4.958607314841775,1,0.0,2021,2021,2021,IC50,B,1
PEFRKXQQHSSKCJ-UHFFFAOYSA-N,Cc1ncc(-c2cc(C(=O)Nc3cnn(Cc4ccccc4)c3)no2)o1,4.958607314841775,1,0.0,2021,2021,2021,IC50,B,1
DZHVRSUZJWSLFJ-UHFFFAOYSA-N,COC(=O)c1ccc2nc(NC(=O)c3ccc(C(=O)c4ccccc4)cc3)sc2c1,4.951892707326797,2,0.22063526207587472,2020,2020,2020,IC50,A;B,1
SFZIHPWYOVXAKU-UHFFFAOYSA-N,O=C(c1cc(-c2ccccc2)on1)N1CC2(C1)CC(O)(c1ccccc1)C2,4.921543181946707,1,0.0,2021,2021,2021,IC50,B,1
SUBFQBLISWRLGM-UHFFFAOYSA-N,Cn1cccc(-c2cc(C(=O)Nc3cnn(Cc4cccc(F)c4)c3)no2)c1=O,4.920818753952375,1,0.0,2021,2021,2021,IC50,B,1
VJYMDTMHJYNRJZ-UHFFFAOYSA-N,Fc1ccc(Br)c(OC2CCN(c3nnc(-c4nn[nH]n4)s3)CC2)c1,4.900043265758817,1,0.0,2011,2011,2011,IC50,B,1
GEQZFSCFWGCHOX-UHFFFAOYSA-N,O=C(c1ccccc1C(F)(F)F)N1CCN(c2nccs2)CC1,4.886056647693163,1,0.0,2009,2009,2009,IC50,B,1
IDYLWVPCBZDRCM-UHFFFAOYSA-N,COc1ccc(C2CCCN2C(=O)c2cc(-c3ccc4nc(N(C)C)oc4c3)on2)cc1,4.824488186636552,1,0.0,2021,2021,2021,IC50,B,1
PPDVABZZSKOUIL-UHFFFAOYSA-N,CNC(=O)c1cc(C(=O)Nc2cnn(Cc3cccc(F)c3)c2)no1,4.823908740944319,1,0.0,2021,2021,2021,IC50,B,1
USNMRCHOYBFQQS-HNNXBMFYSA-N,O=C(Nc1cnn(Cc2ccccc2)c1)c1cc(N2CC[C@H](O)C2)on1,4.823908740944319,1,0.0,2021,2021,2021,IC50,B,1
OLFQIHGVKPQPCF-UHFFFAOYSA-N,O=C(O)Cn1nnc(-c2cnc(N3CC4CN(c5cc(F)ccc5Cl)CC4C3)s2)n1,4.812479279163537,1,0.0,2012,2012,2012,IC50,B,1
QMVNSALEQFSIPB-UHFFFAOYSA-N,O=C(c1cc(-c2cccnc2)on1)N1CC(c2ccccc2)C1,4.810229043653126,1,0.0,2021,2021,2021,IC50,B,1
WXFQEONJOQLPLU-UHFFFAOYSA-N,O=C(O)c1cncc(-c2ccc(N3CCC(Oc4ccccc4Br)CC3)nn2)c1,4.738523011378626,1,0.0,2011,2011,2011,IC50,B,1
NBYRRIBSADQBDZ-UHFFFAOYSA-N,O=C(c1cc(-c2ccccc2)on1)N1CCN(c2cc(F)ccc2Cl)CC1,4.722161666997953,1,0.0,2021,2021,2021,IC50,B,1
MMWBTONCCQKTQS-UHFFFAOYSA-N,O=C(Nc1cnn(Cc2cnccc2C(F)(F)F)c1)c1cc(-c2cnco2)on1,4.721246399047171,1,0.0,2021,2021,2021,IC50,B,1
LUNTUWSUYAYIBG-UHFFFAOYSA-N,Cc1ccccc1S(=O)(=O)N1CCN(c2ccc(C(=O)NCc3ccccc3)nn2)CC1,4.704652851666382,1,0.0,2017,2017,2017,IC50,B,1
BSHDMLFQVXKHGJ-UHFFFAOYSA-N,Cc1nc(OCCCOc2cc(F)ccc2Br)sc1-c1nnn(CC(=O)O)n1,4.688246138944246,1,0.0,2012,2012,2012,IC50,B,1
FCAOGGRCLJBQPX-UHFFFAOYSA-N,O=C(Nc1cnn(Cc2cccc(F)c2)c1)c1cc(-c2ncccn2)on1,4.645315446045271,1,0.0,2021,2021,2021,IC50,B,1
ZDQNRLZNTMVGBK-KRWDZBQOSA-N,O=C(c1cc(-c2ccncc2)on1)N1CCC[C@H]1c1ccccc1,4.638461028730721,1,0.0,2021,2021,2021,IC50,B,1
OXUYRAKLTYMDJV-UHFFFAOYSA-N,COc1ccc(-c2cc(C(=O)N3CC(c4ccccc4)C3)no2)nn1,4.638272163982407,1,0.0,2021,2021,2021,IC50,B,1
QUTLIWUOJFORRY-SFHVURJKSA-N,COc1ccc(-c2cc(C(=O)N3CCC[C@H]3c3ccccc3)no2)nc1,4.636952405478906,1,0.0,2021,2021,2021,IC50,B,1
QIDAHAVIHYEHNE-UHFFFAOYSA-N,O=C(Nc1cnn(Cc2cccc(F)c2)c1)c1cc(-c2cnccn2)on1,4.636012170251509,1,0.0,2021,2021,2021,IC50,B,1
ZMNCGKQJUYNKMG-UHFFFAOYSA-N,O=C(O)CCc1nc2nc(N3CCC(Oc4cc(F)ccc4Br)CC3)sc2c(=O)[nH]1,4.613590221118087,1,0.0,2011,2011,2011,IC50,B,1
WHAPXZAHAJLDEH-UHFFFAOYSA-N,CC(C)c1cc(C(=O)Nc2cnn(Cc3cnccc3C(F)(F)F)c2)no1,4.6020599913279625,1,0.0,2021,2021,2021,IC50,B,1
CFWQXTVCNNNZGH-UHFFFAOYSA-N,O=C(Nc1cnn(Cc2cnccc2C(F)(F)F)c1)c1noc2c1CCCC2,4.6020599913279625,1,0.0,2021,2021,2021,IC50,B,1
FTWMLRVXSUEQRW-UHFFFAOYSA-N,O=C(Nc1cnn(Cc2ccc(F)c(F)c2)c1)c1cc(-c2ccccn2)on1,4.594141600682363,1,0.0,2021,2021,2021,IC50,B,1
IPTFUXGYSQXHTE-UHFFFAOYSA-N,O=C(Nc1cnn(CC2CCOC2)c1)c1cc(-c2ccccc2)on1,4.593800576336688,1,0.0,2021,2021,2021,IC50,B,1
OFUNGNJXXCWYAK-KRWDZBQOSA-N,COc1ccc(-c2cc(C(=O)N3CCC[C@H]3c3ccccc3)no2)cn1,4.567511744229494,1,0.0,2021,2021,2021,IC50,B,1
SQFSVBKSNIQBBG-UHFFFAOYSA-N,CC(=O)N1CCN(c2cc(C(=O)Nc3cnn(Cc4ccccc4)c3)no2)CC1,4.537602002101044,1,0.0,2021,2021,2021,IC50,B,1
QOPKUNUDJDVDAT-KRWDZBQOSA-N,Cn1ccc(-c2cc(C(=O)N3CCC[C@H]3c3ccccc3)no2)cc1=O,4.5320960534772,1,0.0,2021,2021,2021,IC50,B,1
IXQGZVLKXDUJBZ-UHFFFAOYSA-N,O=C(c1cc(-c2ccc3c(c2)OCO3)on1)N1CCC1c1ccccc1,4.522878745280337,1,0.0,2021,2021,2021,IC50,B,1
CMTUPTPLFHCJIN-UHFFFAOYSA-N,O=C(c1cc(CC2CC2)on1)N1CCCC1c1ccccc1,4.522878745280337,1,0.0,2021,2021,2021,IC50,B,1
OSVGDMIRMUCMFA-UHFFFAOYSA-N,COc1cc(C2CCCN2C(=O)c2cc(-c3ccc4c(c3)OCO4)on2)on1,4.522878745280337,1,0.0,2021,2021,2021,IC50,B,1
BDBXGPJAVGFJSW-LWKPJOBUSA-N,O=C(c1cc(-c2ccc3c(c2)OCO3)on1)N1CC(O)C[C@H]1c1ccccc1,4.522878745280337,1,0.0,2021,2021,2021,IC50,B,1
DHDJNNHNXWAWLB-RDJZCZTQSA-N,O=C(c1cc(-c2ccc3c(c2)OCO3)on1)N1C[C@@H](F)C[C@H]1c1ccccc1,4.522589312092748,1,0.0,2021,2021,2021,IC50,B,1
KNLKEBVKBQYBLI-UHFFFAOYSA-N,O=C(c1cc(-c2ccc3c(c2)OCO3)on1)N1CCCC12CC2,4.517412230473233,1,0.0,2021,2021,2021,IC50,B,1
YZHQOFMKIVGTRP-SFHVURJKSA-N,O=C(c1cc(-c2ccccc2)on1)N1CCC[C@H]1c1ccccc1,4.515842575634619,1,0.0,2021,2021,2021,IC50,B,1
HAGVWKAVARLRET-IBGZPJMESA-N,N#Cc1cccc(-c2cc(C(=O)N3CCC[C@H]3c3ccccc3)no2)c1,4.507938395487401,1,0.0,2021,2021,2021,IC50,B,1
DKGNKHDWCRDQSE-UHFFFAOYSA-N,COc1ccc(C2CCCN2C(=O)c2cc(-c3ccc(OC)c(OC)c3)on2)cc1,4.4924139602369895,1,0.0,2021,2021,2021,IC50,B,1
VJPKIESXSVKSMF-KRWDZBQOSA-N,O=C(c1cc(-c2ccc3ncnn3c2)on1)N1CCC[C@H]1c1ccccc1,4.489589051989823,1,0.0,2021,2021,2021,IC50,B,1
OQJLQOMBLZXXMG-UHFFFAOYSA-N,Cc1nn(Cc2ccccc2)c(C)c1NC(=O)c1cc(-c2ccco2)on1,4.48372911727066,1,0.0,2021,2021,2021,IC50,B,1
SSAOWRVGWUAING-UHFFFAOYSA-N,O=C(Nc1nccs1)c1ccc(C(=O)c2ccccc2)cc1,4.481486060122113,1,0.0,2020,2020,2020,IC50,B,1
QSIWJLXYYABZQA-UHFFFAOYSA-N,O=C(c1cc(N2CCOCC2)on1)N1CC(c2ccccc2)C1,4.481486060122113,1,0.0,2021,2021,2021,IC50,B,1
BHZGNSVFZHWODH-KRWDZBQOSA-N,O=C(c1cc(-c2cccnc2)on1)N1CCC[C@H]1c1ccccc1,4.47755576649368,1,0.0,2021,2021,2021,IC50,B,1
JTDXQKMBQXDPBT-KRWDZBQOSA-N,O=C(c1cc(-c2ccc3c(c2)OCO3)on1)N1CCC[C@H]1c1ccccc1,4.474436941729933,1,0.0,2021,2021,2021,IC50,B,1
ADVAKZKECLPQAL-UHFFFAOYSA-N,COc1ccc2nc(NC(=O)c3ccccc3)sc2c1,4.472693472721556,2,0.2900371457340311,2020,2020,2020,IC50,A;B,1
WTBOAAQDYGZIDY-UHFFFAOYSA-N,O=C(c1cc(-c2ccccc2)on1)N1CCn2ccnc2C1,4.443576878628715,1,0.0,2021,2021,2021,IC50,B,1
CDHKIZKYEMZUDX-KRWDZBQOSA-N,Cn1cc(-c2cc(C(=O)N3CCC[C@H]3c3ccccc3)no2)ccc1=O,4.439615077027985,1,0.0,2021,2021,2021,IC50,B,1
HWGZLYILQHNFNE-UHFFFAOYSA-N,COc1ccc(C2CCCN2C(=O)c2cc(-c3ccc(F)c(OC)c3)on2)cc1,4.436163081335455,1,0.0,2021,2021,2021,IC50,B,1
FVCCCLJIEZKIRH-INIZCTEOSA-N,O=C(c1cc(-c2ccnnc2)on1)N1CCC[C@H]1c1ccccc1,4.434742656579786,1,0.0,2021,2021,2021,IC50,B,1
QNUDDUJKEADCAU-UHFFFAOYSA-N,O=C(c1cc(-c2ccc3c(c2)OCO3)on1)N1CC2(CC(c3ccccc3)C2)C1,4.43086027452754,1,0.0,2021,2021,2021,IC50,B,1
DCEDEPBBCBNGEX-INIZCTEOSA-N,O=C(c1cc(-c2ccc(=O)[nH]c2)on1)N1CCC[C@H]1c1ccccc1,4.429924294678396,1,0.0,2021,2021,2021,IC50,B,1
LJQRHSWVZIQKSQ-UHFFFAOYSA-N,O=C(O)Cn1nnc(-c2cc(-c3cn(Cc4cc(Br)c(Br)c(Br)c4)nn3)no2)n1,4.42309454867676,1,0.0,2011,2011,2011,IC50,B,1
FIZCCWBKEBQQRZ-UHFFFAOYSA-N,N#Cc1cccc(C2CCCN2C(=O)c2cc(-c3ccc4c(c3)OCO4)on2)c1,4.410050398674292,1,0.0,2021,2021,2021,IC50,B,1
YDHBXEHQNZJOAD-KRWDZBQOSA-N,O=C(c1cc(-c2ccn3ncnc3c2)on1)N1CCC[C@H]1c1ccccc1,4.3979400086720375,1,0.0,2021,2021,2021,IC50,B,1
TYWRNMFRUMXPGG-UHFFFAOYSA-N,COc1ccc(-c2cc(C(=O)N3CCCC3c3ccccc3F)no2)nc1,4.395342027952129,1,0.0,2021,2021,2021,IC50,B,1
WDFCGEVXWFPWRD-UHFFFAOYSA-N,O=C(Nc1nc2ccccc2o1)c1ccc(C(=O)c2ccccc2)cc1,4.366531544420414,1,0.0,2020,2020,2020,IC50,B,1
XUOGOSUVCSSMDP-UHFFFAOYSA-N,COc1ccc(C2CCCN2C(=O)c2cc(-c3ccc(OC)c(F)c3)on2)cc1,4.361111575294925,1,0.0,2021,2021,2021,IC50,B,1
KNOWTUGIWCELJY-UHFFFAOYSA-N,O=C(O)Cn1nnc(-c2cnc(N3CC4(C3)CN(c3cc(F)ccc3Cl)C4)s2)n1,4.293282217663242,1,0.0,2012,2012,2012,IC50,B,1
PHZDRQUKVAZUCA-UHFFFAOYSA-N,O=C(O)c1cnc(N2CCN(C(=O)c3ccccc3C(F)(F)F)CC2)s1,4.167491087293763,1,0.0,2009,2009,2009,IC50,B,1
